id,title_or_case,score_internal,before,delta,human_score,low_checks,evidence
R01:work:pungun:all:book,R01,100,85,15,,,노출 전문 표현 0개 · 85자 초과 문장 0개 / 핵심 결론 1개 중 접힌 근거 1개 / 답변으로 해석을 조정하는 질문 제공 / 생활 장면을 묻는 본문 7개 · 거절 반영 False / 서로 다른 행동 8개 · 언제/확인/대안 True / 실행 카드와 마무리 함께 제공 / 이야기 순서 True · 본문 12개
R01:work:pungun:free:focus,R01,88,78,10,,경험 확인 장면 / 완결과 가져갈 것,노출 전문 표현 0개 · 85자 초과 문장 0개 / 핵심 결론 1개 중 접힌 근거 1개 / 답변으로 해석을 조정하는 질문 제공 / 생활 장면을 묻는 본문 1개 · 거절 반영 False / 서로 다른 행동 1개 · 언제/확인/대안 True / 실행 카드와 마무리 함께 제공 / 이야기 순서 True · 본문 2개
R01:work:pungun:one:focus,R01,100,85,15,,,노출 전문 표현 0개 · 85자 초과 문장 0개 / 핵심 결론 1개 중 접힌 근거 1개 / 답변으로 해석을 조정하는 질문 제공 / 생활 장면을 묻는 본문 2개 · 거절 반영 False / 서로 다른 행동 3개 · 언제/확인/대안 True / 실행 카드와 마무리 함께 제공 / 이야기 순서 True · 본문 7개
R01:work:pungun:sub:focus,R01,100,85,15,,,노출 전문 표현 0개 · 85자 초과 문장 0개 / 핵심 결론 1개 중 접힌 근거 1개 / 답변으로 해석을 조정하는 질문 제공 / 생활 장면을 묻는 본문 2개 · 거절 반영 False / 서로 다른 행동 3개 · 언제/확인/대안 True / 실행 카드와 마무리 함께 제공 / 이야기 순서 True · 본문 7개
R01:work:pungun:all:focus,R01,100,85,15,,,노출 전문 표현 0개 · 85자 초과 문장 0개 / 핵심 결론 1개 중 접힌 근거 1개 / 답변으로 해석을 조정하는 질문 제공 / 생활 장면을 묻는 본문 2개 · 거절 반영 False / 서로 다른 행동 3개 · 언제/확인/대안 True / 실행 카드와 마무리 함께 제공 / 이야기 순서 True · 본문 7개
R01:work:baegun:free:focus,R01,88,78,10,,경험 확인 장면 / 완결과 가져갈 것,노출 전문 표현 0개 · 85자 초과 문장 0개 / 핵심 결론 1개 중 접힌 근거 1개 / 답변으로 해석을 조정하는 질문 제공 / 생활 장면을 묻는 본문 1개 · 거절 반영 False / 서로 다른 행동 1개 · 언제/확인/대안 True / 실행 카드와 마무리 함께 제공 / 이야기 순서 True · 본문 2개
R01:work:baegun:one:focus,R01,100,85,15,,,노출 전문 표현 0개 · 85자 초과 문장 0개 / 핵심 결론 1개 중 접힌 근거 1개 / 답변으로 해석을 조정하는 질문 제공 / 생활 장면을 묻는 본문 2개 · 거절 반영 False / 서로 다른 행동 3개 · 언제/확인/대안 True / 실행 카드와 마무리 함께 제공 / 이야기 순서 True · 본문 7개
R01:work:baegun:sub:focus,R01,100,85,15,,,노출 전문 표현 0개 · 85자 초과 문장 0개 / 핵심 결론 1개 중 접힌 근거 1개 / 답변으로 해석을 조정하는 질문 제공 / 생활 장면을 묻는 본문 2개 · 거절 반영 False / 서로 다른 행동 3개 · 언제/확인/대안 True / 실행 카드와 마무리 함께 제공 / 이야기 순서 True · 본문 7개
R01:work:baegun:all:focus,R01,100,85,15,,,노출 전문 표현 0개 · 85자 초과 문장 0개 / 핵심 결론 1개 중 접힌 근거 1개 / 답변으로 해석을 조정하는 질문 제공 / 생활 장면을 묻는 본문 2개 · 거절 반영 False / 서로 다른 행동 3개 · 언제/확인/대안 True / 실행 카드와 마무리 함께 제공 / 이야기 순서 True · 본문 7개
R01:work:cheongam:free:focus,R01,88,78,10,,경험 확인 장면 / 완결과 가져갈 것,노출 전문 표현 0개 · 85자 초과 문장 0개 / 핵심 결론 1개 중 접힌 근거 1개 / 답변으로 해석을 조정하는 질문 제공 / 생활 장면을 묻는 본문 1개 · 거절 반영 False / 서로 다른 행동 1개 · 언제/확인/대안 True / 실행 카드와 마무리 함께 제공 / 이야기 순서 True · 본문 2개
R01:work:cheongam:one:focus,R01,100,85,15,,,노출 전문 표현 0개 · 85자 초과 문장 0개 / 핵심 결론 1개 중 접힌 근거 1개 / 답변으로 해석을 조정하는 질문 제공 / 생활 장면을 묻는 본문 2개 · 거절 반영 False / 서로 다른 행동 3개 · 언제/확인/대안 True / 실행 카드와 마무리 함께 제공 / 이야기 순서 True · 본문 7개
R01:work:cheongam:sub:focus,R01,100,85,15,,,노출 전문 표현 0개 · 85자 초과 문장 0개 / 핵심 결론 1개 중 접힌 근거 1개 / 답변으로 해석을 조정하는 질문 제공 / 생활 장면을 묻는 본문 2개 · 거절 반영 False / 서로 다른 행동 3개 · 언제/확인/대안 True / 실행 카드와 마무리 함께 제공 / 이야기 순서 True · 본문 7개
R01:work:cheongam:all:focus,R01,100,85,15,,,노출 전문 표현 0개 · 85자 초과 문장 0개 / 핵심 결론 1개 중 접힌 근거 1개 / 답변으로 해석을 조정하는 질문 제공 / 생활 장면을 묻는 본문 2개 · 거절 반영 False / 서로 다른 행동 3개 · 언제/확인/대안 True / 실행 카드와 마무리 함께 제공 / 이야기 순서 True · 본문 7개
R01:work:sigye:free:focus,R01,88,78,10,,경험 확인 장면 / 완결과 가져갈 것,노출 전문 표현 0개 · 85자 초과 문장 0개 / 핵심 결론 1개 중 접힌 근거 1개 / 답변으로 해석을 조정하는 질문 제공 / 생활 장면을 묻는 본문 1개 · 거절 반영 False / 서로 다른 행동 1개 · 언제/확인/대안 True / 실행 카드와 마무리 함께 제공 / 이야기 순서 True · 본문 2개
R01:work:sigye:one:focus,R01,100,85,15,,,노출 전문 표현 0개 · 85자 초과 문장 0개 / 핵심 결론 1개 중 접힌 근거 1개 / 답변으로 해석을 조정하는 질문 제공 / 생활 장면을 묻는 본문 2개 · 거절 반영 False / 서로 다른 행동 3개 · 언제/확인/대안 True / 실행 카드와 마무리 함께 제공 / 이야기 순서 True · 본문 7개
R01:work:sigye:sub:focus,R01,100,85,15,,,노출 전문 표현 0개 · 85자 초과 문장 0개 / 핵심 결론 1개 중 접힌 근거 1개 / 답변으로 해석을 조정하는 질문 제공 / 생활 장면을 묻는 본문 2개 · 거절 반영 False / 서로 다른 행동 3개 · 언제/확인/대안 True / 실행 카드와 마무리 함께 제공 / 이야기 순서 True · 본문 7개
R01:work:sigye:all:focus,R01,100,85,15,,,노출 전문 표현 0개 · 85자 초과 문장 0개 / 핵심 결론 1개 중 접힌 근거 1개 / 답변으로 해석을 조정하는 질문 제공 / 생활 장면을 묻는 본문 2개 · 거절 반영 False / 서로 다른 행동 3개 · 언제/확인/대안 True / 실행 카드와 마무리 함께 제공 / 이야기 순서 True · 본문 7개
R01:work:eunbyeol:free:focus,R01,88,78,10,,경험 확인 장면 / 완결과 가져갈 것,노출 전문 표현 0개 · 85자 초과 문장 0개 / 핵심 결론 1개 중 접힌 근거 1개 / 답변으로 해석을 조정하는 질문 제공 / 생활 장면을 묻는 본문 1개 · 거절 반영 False / 서로 다른 행동 1개 · 언제/확인/대안 True / 실행 카드와 마무리 함께 제공 / 이야기 순서 True · 본문 2개
R01:work:eunbyeol:one:focus,R01,100,85,15,,,노출 전문 표현 0개 · 85자 초과 문장 0개 / 핵심 결론 1개 중 접힌 근거 1개 / 답변으로 해석을 조정하는 질문 제공 / 생활 장면을 묻는 본문 2개 · 거절 반영 False / 서로 다른 행동 3개 · 언제/확인/대안 True / 실행 카드와 마무리 함께 제공 / 이야기 순서 True · 본문 7개
R01:work:eunbyeol:sub:focus,R01,100,85,15,,,노출 전문 표현 0개 · 85자 초과 문장 0개 / 핵심 결론 1개 중 접힌 근거 1개 / 답변으로 해석을 조정하는 질문 제공 / 생활 장면을 묻는 본문 2개 · 거절 반영 False / 서로 다른 행동 3개 · 언제/확인/대안 True / 실행 카드와 마무리 함께 제공 / 이야기 순서 True · 본문 7개
R01:work:eunbyeol:all:focus,R01,100,85,15,,,노출 전문 표현 0개 · 85자 초과 문장 0개 / 핵심 결론 1개 중 접힌 근거 1개 / 답변으로 해석을 조정하는 질문 제공 / 생활 장면을 묻는 본문 2개 · 거절 반영 False / 서로 다른 행동 3개 · 언제/확인/대안 True / 실행 카드와 마무리 함께 제공 / 이야기 순서 True · 본문 7개
R01:work:jeokhyeol:free:focus,R01,88,78,10,,경험 확인 장면 / 완결과 가져갈 것,노출 전문 표현 0개 · 85자 초과 문장 0개 / 핵심 결론 1개 중 접힌 근거 1개 / 답변으로 해석을 조정하는 질문 제공 / 생활 장면을 묻는 본문 1개 · 거절 반영 False / 서로 다른 행동 1개 · 언제/확인/대안 True / 실행 카드와 마무리 함께 제공 / 이야기 순서 True · 본문 2개
R01:work:jeokhyeol:one:focus,R01,100,85,15,,,노출 전문 표현 0개 · 85자 초과 문장 0개 / 핵심 결론 1개 중 접힌 근거 1개 / 답변으로 해석을 조정하는 질문 제공 / 생활 장면을 묻는 본문 2개 · 거절 반영 False / 서로 다른 행동 3개 · 언제/확인/대안 True / 실행 카드와 마무리 함께 제공 / 이야기 순서 True · 본문 7개
R01:work:jeokhyeol:sub:focus,R01,100,85,15,,,노출 전문 표현 0개 · 85자 초과 문장 0개 / 핵심 결론 1개 중 접힌 근거 1개 / 답변으로 해석을 조정하는 질문 제공 / 생활 장면을 묻는 본문 2개 · 거절 반영 False / 서로 다른 행동 3개 · 언제/확인/대안 True / 실행 카드와 마무리 함께 제공 / 이야기 순서 True · 본문 7개
R01:work:jeokhyeol:all:focus,R01,100,85,15,,,노출 전문 표현 0개 · 85자 초과 문장 0개 / 핵심 결론 1개 중 접힌 근거 1개 / 답변으로 해석을 조정하는 질문 제공 / 생활 장면을 묻는 본문 2개 · 거절 반영 False / 서로 다른 행동 3개 · 언제/확인/대안 True / 실행 카드와 마무리 함께 제공 / 이야기 순서 True · 본문 7개
R01:work:monghwa:free:focus,R01,88,78,10,,경험 확인 장면 / 완결과 가져갈 것,노출 전문 표현 0개 · 85자 초과 문장 0개 / 핵심 결론 1개 중 접힌 근거 1개 / 답변으로 해석을 조정하는 질문 제공 / 생활 장면을 묻는 본문 1개 · 거절 반영 False / 서로 다른 행동 1개 · 언제/확인/대안 True / 실행 카드와 마무리 함께 제공 / 이야기 순서 True · 본문 2개
R01:work:monghwa:one:focus,R01,100,85,15,,,노출 전문 표현 0개 · 85자 초과 문장 0개 / 핵심 결론 1개 중 접힌 근거 1개 / 답변으로 해석을 조정하는 질문 제공 / 생활 장면을 묻는 본문 2개 · 거절 반영 False / 서로 다른 행동 3개 · 언제/확인/대안 True / 실행 카드와 마무리 함께 제공 / 이야기 순서 True · 본문 7개
R01:work:monghwa:sub:focus,R01,100,85,15,,,노출 전문 표현 0개 · 85자 초과 문장 0개 / 핵심 결론 1개 중 접힌 근거 1개 / 답변으로 해석을 조정하는 질문 제공 / 생활 장면을 묻는 본문 2개 · 거절 반영 False / 서로 다른 행동 3개 · 언제/확인/대안 True / 실행 카드와 마무리 함께 제공 / 이야기 순서 True · 본문 7개
R01:work:monghwa:all:focus,R01,100,85,15,,,노출 전문 표현 0개 · 85자 초과 문장 0개 / 핵심 결론 1개 중 접힌 근거 1개 / 답변으로 해석을 조정하는 질문 제공 / 생활 장면을 묻는 본문 2개 · 거절 반영 False / 서로 다른 행동 3개 · 언제/확인/대안 True / 실행 카드와 마무리 함께 제공 / 이야기 순서 True · 본문 7개
R01:work:seoyeok:free:focus,R01,88,78,10,,경험 확인 장면 / 완결과 가져갈 것,노출 전문 표현 0개 · 85자 초과 문장 0개 / 핵심 결론 1개 중 접힌 근거 1개 / 답변으로 해석을 조정하는 질문 제공 / 생활 장면을 묻는 본문 1개 · 거절 반영 False / 서로 다른 행동 1개 · 언제/확인/대안 True / 실행 카드와 마무리 함께 제공 / 이야기 순서 True · 본문 2개
R01:work:seoyeok:one:focus,R01,100,85,15,,,노출 전문 표현 0개 · 85자 초과 문장 0개 / 핵심 결론 1개 중 접힌 근거 1개 / 답변으로 해석을 조정하는 질문 제공 / 생활 장면을 묻는 본문 2개 · 거절 반영 False / 서로 다른 행동 3개 · 언제/확인/대안 True / 실행 카드와 마무리 함께 제공 / 이야기 순서 True · 본문 7개
R01:work:seoyeok:sub:focus,R01,100,85,15,,,노출 전문 표현 0개 · 85자 초과 문장 0개 / 핵심 결론 1개 중 접힌 근거 1개 / 답변으로 해석을 조정하는 질문 제공 / 생활 장면을 묻는 본문 2개 · 거절 반영 False / 서로 다른 행동 3개 · 언제/확인/대안 True / 실행 카드와 마무리 함께 제공 / 이야기 순서 True · 본문 7개
R01:work:seoyeok:all:focus,R01,100,85,15,,,노출 전문 표현 0개 · 85자 초과 문장 0개 / 핵심 결론 1개 중 접힌 근거 1개 / 답변으로 해석을 조정하는 질문 제공 / 생활 장면을 묻는 본문 2개 · 거절 반영 False / 서로 다른 행동 3개 · 언제/확인/대안 True / 실행 카드와 마무리 함께 제공 / 이야기 순서 True · 본문 7개
R01:work:paeseon:free:focus,R01,88,78,10,,경험 확인 장면 / 완결과 가져갈 것,노출 전문 표현 0개 · 85자 초과 문장 0개 / 핵심 결론 1개 중 접힌 근거 1개 / 답변으로 해석을 조정하는 질문 제공 / 생활 장면을 묻는 본문 1개 · 거절 반영 False / 서로 다른 행동 1개 · 언제/확인/대안 True / 실행 카드와 마무리 함께 제공 / 이야기 순서 True · 본문 2개
R01:work:paeseon:one:focus,R01,100,85,15,,,노출 전문 표현 0개 · 85자 초과 문장 0개 / 핵심 결론 1개 중 접힌 근거 1개 / 답변으로 해석을 조정하는 질문 제공 / 생활 장면을 묻는 본문 2개 · 거절 반영 False / 서로 다른 행동 3개 · 언제/확인/대안 True / 실행 카드와 마무리 함께 제공 / 이야기 순서 True · 본문 7개
R01:work:paeseon:sub:focus,R01,100,85,15,,,노출 전문 표현 0개 · 85자 초과 문장 0개 / 핵심 결론 1개 중 접힌 근거 1개 / 답변으로 해석을 조정하는 질문 제공 / 생활 장면을 묻는 본문 2개 · 거절 반영 False / 서로 다른 행동 3개 · 언제/확인/대안 True / 실행 카드와 마무리 함께 제공 / 이야기 순서 True · 본문 7개
R01:work:paeseon:all:focus,R01,100,85,15,,,노출 전문 표현 0개 · 85자 초과 문장 0개 / 핵심 결론 1개 중 접힌 근거 1개 / 답변으로 해석을 조정하는 질문 제공 / 생활 장면을 묻는 본문 2개 · 거절 반영 False / 서로 다른 행동 3개 · 언제/확인/대안 True / 실행 카드와 마무리 함께 제공 / 이야기 순서 True · 본문 7개
R01:work:myeonsang:free:focus,R01,88,78,10,,경험 확인 장면 / 완결과 가져갈 것,노출 전문 표현 0개 · 85자 초과 문장 0개 / 핵심 결론 1개 중 접힌 근거 1개 / 답변으로 해석을 조정하는 질문 제공 / 생활 장면을 묻는 본문 1개 · 거절 반영 False / 서로 다른 행동 1개 · 언제/확인/대안 True / 실행 카드와 마무리 함께 제공 / 이야기 순서 True · 본문 2개
R01:work:myeonsang:one:focus,R01,100,85,15,,,노출 전문 표현 0개 · 85자 초과 문장 0개 / 핵심 결론 1개 중 접힌 근거 1개 / 답변으로 해석을 조정하는 질문 제공 / 생활 장면을 묻는 본문 2개 · 거절 반영 False / 서로 다른 행동 3개 · 언제/확인/대안 True / 실행 카드와 마무리 함께 제공 / 이야기 순서 True · 본문 7개
R01:work:myeonsang:sub:focus,R01,100,85,15,,,노출 전문 표현 0개 · 85자 초과 문장 0개 / 핵심 결론 1개 중 접힌 근거 1개 / 답변으로 해석을 조정하는 질문 제공 / 생활 장면을 묻는 본문 2개 · 거절 반영 False / 서로 다른 행동 3개 · 언제/확인/대안 True / 실행 카드와 마무리 함께 제공 / 이야기 순서 True · 본문 7개
R01:work:myeonsang:all:focus,R01,100,85,15,,,노출 전문 표현 0개 · 85자 초과 문장 0개 / 핵심 결론 1개 중 접힌 근거 1개 / 답변으로 해석을 조정하는 질문 제공 / 생활 장면을 묻는 본문 2개 · 거절 반영 False / 서로 다른 행동 3개 · 언제/확인/대안 True / 실행 카드와 마무리 함께 제공 / 이야기 순서 True · 본문 7개
R01:work:wolha:free:focus,R01,88,78,10,,경험 확인 장면 / 완결과 가져갈 것,노출 전문 표현 0개 · 85자 초과 문장 0개 / 핵심 결론 1개 중 접힌 근거 1개 / 답변으로 해석을 조정하는 질문 제공 / 생활 장면을 묻는 본문 1개 · 거절 반영 False / 서로 다른 행동 1개 · 언제/확인/대안 True / 실행 카드와 마무리 함께 제공 / 이야기 순서 True · 본문 2개
R01:work:wolha:one:focus,R01,100,85,15,,,노출 전문 표현 0개 · 85자 초과 문장 0개 / 핵심 결론 1개 중 접힌 근거 1개 / 답변으로 해석을 조정하는 질문 제공 / 생활 장면을 묻는 본문 2개 · 거절 반영 False / 서로 다른 행동 3개 · 언제/확인/대안 True / 실행 카드와 마무리 함께 제공 / 이야기 순서 True · 본문 7개
R01:work:wolha:sub:focus,R01,100,85,15,,,노출 전문 표현 0개 · 85자 초과 문장 0개 / 핵심 결론 1개 중 접힌 근거 1개 / 답변으로 해석을 조정하는 질문 제공 / 생활 장면을 묻는 본문 2개 · 거절 반영 False / 서로 다른 행동 3개 · 언제/확인/대안 True / 실행 카드와 마무리 함께 제공 / 이야기 순서 True · 본문 7개
R01:work:wolha:all:focus,R01,100,85,15,,,노출 전문 표현 0개 · 85자 초과 문장 0개 / 핵심 결론 1개 중 접힌 근거 1개 / 답변으로 해석을 조정하는 질문 제공 / 생활 장면을 묻는 본문 2개 · 거절 반영 False / 서로 다른 행동 3개 · 언제/확인/대안 True / 실행 카드와 마무리 함께 제공 / 이야기 순서 True · 본문 7개
R01:work:hongmae:free:focus,R01,88,78,10,,경험 확인 장면 / 완결과 가져갈 것,노출 전문 표현 0개 · 85자 초과 문장 0개 / 핵심 결론 1개 중 접힌 근거 1개 / 답변으로 해석을 조정하는 질문 제공 / 생활 장면을 묻는 본문 1개 · 거절 반영 False / 서로 다른 행동 1개 · 언제/확인/대안 True / 실행 카드와 마무리 함께 제공 / 이야기 순서 True · 본문 2개
R01:work:hongmae:one:focus,R01,100,85,15,,,노출 전문 표현 0개 · 85자 초과 문장 0개 / 핵심 결론 1개 중 접힌 근거 1개 / 답변으로 해석을 조정하는 질문 제공 / 생활 장면을 묻는 본문 2개 · 거절 반영 False / 서로 다른 행동 3개 · 언제/확인/대안 True / 실행 카드와 마무리 함께 제공 / 이야기 순서 True · 본문 7개
R01:work:hongmae:sub:focus,R01,100,85,15,,,노출 전문 표현 0개 · 85자 초과 문장 0개 / 핵심 결론 1개 중 접힌 근거 1개 / 답변으로 해석을 조정하는 질문 제공 / 생활 장면을 묻는 본문 2개 · 거절 반영 False / 서로 다른 행동 3개 · 언제/확인/대안 True / 실행 카드와 마무리 함께 제공 / 이야기 순서 True · 본문 7개
R01:work:hongmae:all:focus,R01,100,85,15,,,노출 전문 표현 0개 · 85자 초과 문장 0개 / 핵심 결론 1개 중 접힌 근거 1개 / 답변으로 해석을 조정하는 질문 제공 / 생활 장면을 묻는 본문 2개 · 거절 반영 False / 서로 다른 행동 3개 · 언제/확인/대안 True / 실행 카드와 마무리 함께 제공 / 이야기 순서 True · 본문 7개
R01:work:yeondam:free:focus,R01,88,78,10,,경험 확인 장면 / 완결과 가져갈 것,노출 전문 표현 0개 · 85자 초과 문장 0개 / 핵심 결론 1개 중 접힌 근거 1개 / 답변으로 해석을 조정하는 질문 제공 / 생활 장면을 묻는 본문 1개 · 거절 반영 False / 서로 다른 행동 1개 · 언제/확인/대안 True / 실행 카드와 마무리 함께 제공 / 이야기 순서 True · 본문 2개
R01:work:yeondam:one:focus,R01,100,85,15,,,노출 전문 표현 0개 · 85자 초과 문장 0개 / 핵심 결론 1개 중 접힌 근거 1개 / 답변으로 해석을 조정하는 질문 제공 / 생활 장면을 묻는 본문 2개 · 거절 반영 False / 서로 다른 행동 3개 · 언제/확인/대안 True / 실행 카드와 마무리 함께 제공 / 이야기 순서 True · 본문 7개
R01:work:yeondam:sub:focus,R01,100,85,15,,,노출 전문 표현 0개 · 85자 초과 문장 0개 / 핵심 결론 1개 중 접힌 근거 1개 / 답변으로 해석을 조정하는 질문 제공 / 생활 장면을 묻는 본문 2개 · 거절 반영 False / 서로 다른 행동 3개 · 언제/확인/대안 True / 실행 카드와 마무리 함께 제공 / 이야기 순서 True · 본문 7개
R01:work:yeondam:all:focus,R01,100,85,15,,,노출 전문 표현 0개 · 85자 초과 문장 0개 / 핵심 결론 1개 중 접힌 근거 1개 / 답변으로 해석을 조정하는 질문 제공 / 생활 장면을 묻는 본문 2개 · 거절 반영 False / 서로 다른 행동 3개 · 언제/확인/대안 True / 실행 카드와 마무리 함께 제공 / 이야기 순서 True · 본문 7개
R01:work:hwagyeong:free:focus,R01,88,78,10,,경험 확인 장면 / 완결과 가져갈 것,노출 전문 표현 0개 · 85자 초과 문장 0개 / 핵심 결론 1개 중 접힌 근거 1개 / 답변으로 해석을 조정하는 질문 제공 / 생활 장면을 묻는 본문 1개 · 거절 반영 False / 서로 다른 행동 1개 · 언제/확인/대안 True / 실행 카드와 마무리 함께 제공 / 이야기 순서 True · 본문 2개
R01:work:hwagyeong:one:focus,R01,100,85,15,,,노출 전문 표현 0개 · 85자 초과 문장 0개 / 핵심 결론 1개 중 접힌 근거 1개 / 답변으로 해석을 조정하는 질문 제공 / 생활 장면을 묻는 본문 2개 · 거절 반영 False / 서로 다른 행동 3개 · 언제/확인/대안 True / 실행 카드와 마무리 함께 제공 / 이야기 순서 True · 본문 7개
R01:work:hwagyeong:sub:focus,R01,100,85,15,,,노출 전문 표현 0개 · 85자 초과 문장 0개 / 핵심 결론 1개 중 접힌 근거 1개 / 답변으로 해석을 조정하는 질문 제공 / 생활 장면을 묻는 본문 2개 · 거절 반영 False / 서로 다른 행동 3개 · 언제/확인/대안 True / 실행 카드와 마무리 함께 제공 / 이야기 순서 True · 본문 7개
R01:work:hwagyeong:all:focus,R01,100,85,15,,,노출 전문 표현 0개 · 85자 초과 문장 0개 / 핵심 결론 1개 중 접힌 근거 1개 / 답변으로 해석을 조정하는 질문 제공 / 생활 장면을 묻는 본문 2개 · 거절 반영 False / 서로 다른 행동 3개 · 언제/확인/대안 True / 실행 카드와 마무리 함께 제공 / 이야기 순서 True · 본문 7개
R01:work:haengsu:free:focus,R01,88,78,10,,경험 확인 장면 / 완결과 가져갈 것,노출 전문 표현 0개 · 85자 초과 문장 0개 / 핵심 결론 1개 중 접힌 근거 1개 / 답변으로 해석을 조정하는 질문 제공 / 생활 장면을 묻는 본문 1개 · 거절 반영 False / 서로 다른 행동 1개 · 언제/확인/대안 True / 실행 카드와 마무리 함께 제공 / 이야기 순서 True · 본문 2개
R01:work:haengsu:one:focus,R01,100,85,15,,,노출 전문 표현 0개 · 85자 초과 문장 0개 / 핵심 결론 1개 중 접힌 근거 1개 / 답변으로 해석을 조정하는 질문 제공 / 생활 장면을 묻는 본문 2개 · 거절 반영 False / 서로 다른 행동 3개 · 언제/확인/대안 True / 실행 카드와 마무리 함께 제공 / 이야기 순서 True · 본문 7개
R01:work:haengsu:sub:focus,R01,100,85,15,,,노출 전문 표현 0개 · 85자 초과 문장 0개 / 핵심 결론 1개 중 접힌 근거 1개 / 답변으로 해석을 조정하는 질문 제공 / 생활 장면을 묻는 본문 2개 · 거절 반영 False / 서로 다른 행동 3개 · 언제/확인/대안 True / 실행 카드와 마무리 함께 제공 / 이야기 순서 True · 본문 7개
R01:work:haengsu:all:focus,R01,100,85,15,,,노출 전문 표현 0개 · 85자 초과 문장 0개 / 핵심 결론 1개 중 접힌 근거 1개 / 답변으로 해석을 조정하는 질문 제공 / 생활 장면을 묻는 본문 2개 · 거절 반영 False / 서로 다른 행동 3개 · 언제/확인/대안 True / 실행 카드와 마무리 함께 제공 / 이야기 순서 True · 본문 7개
R01:work:hunjang:free:focus,R01,88,78,10,,경험 확인 장면 / 완결과 가져갈 것,노출 전문 표현 0개 · 85자 초과 문장 0개 / 핵심 결론 1개 중 접힌 근거 1개 / 답변으로 해석을 조정하는 질문 제공 / 생활 장면을 묻는 본문 1개 · 거절 반영 False / 서로 다른 행동 1개 · 언제/확인/대안 True / 실행 카드와 마무리 함께 제공 / 이야기 순서 True · 본문 2개
R01:work:hunjang:one:focus,R01,100,85,15,,,노출 전문 표현 0개 · 85자 초과 문장 0개 / 핵심 결론 1개 중 접힌 근거 1개 / 답변으로 해석을 조정하는 질문 제공 / 생활 장면을 묻는 본문 2개 · 거절 반영 False / 서로 다른 행동 3개 · 언제/확인/대안 True / 실행 카드와 마무리 함께 제공 / 이야기 순서 True · 본문 7개
R01:work:hunjang:sub:focus,R01,100,85,15,,,노출 전문 표현 0개 · 85자 초과 문장 0개 / 핵심 결론 1개 중 접힌 근거 1개 / 답변으로 해석을 조정하는 질문 제공 / 생활 장면을 묻는 본문 2개 · 거절 반영 False / 서로 다른 행동 3개 · 언제/확인/대안 True / 실행 카드와 마무리 함께 제공 / 이야기 순서 True · 본문 7개
R01:work:hunjang:all:focus,R01,100,85,15,,,노출 전문 표현 0개 · 85자 초과 문장 0개 / 핵심 결론 1개 중 접힌 근거 1개 / 답변으로 해석을 조정하는 질문 제공 / 생활 장면을 묻는 본문 2개 · 거절 반영 False / 서로 다른 행동 3개 · 언제/확인/대안 True / 실행 카드와 마무리 함께 제공 / 이야기 순서 True · 본문 7개
R01:work:yakcho:free:focus,R01,88,78,10,,경험 확인 장면 / 완결과 가져갈 것,노출 전문 표현 0개 · 85자 초과 문장 0개 / 핵심 결론 1개 중 접힌 근거 1개 / 답변으로 해석을 조정하는 질문 제공 / 생활 장면을 묻는 본문 1개 · 거절 반영 False / 서로 다른 행동 1개 · 언제/확인/대안 True / 실행 카드와 마무리 함께 제공 / 이야기 순서 True · 본문 2개
R01:work:yakcho:one:focus,R01,100,85,15,,,노출 전문 표현 0개 · 85자 초과 문장 0개 / 핵심 결론 1개 중 접힌 근거 1개 / 답변으로 해석을 조정하는 질문 제공 / 생활 장면을 묻는 본문 2개 · 거절 반영 False / 서로 다른 행동 3개 · 언제/확인/대안 True / 실행 카드와 마무리 함께 제공 / 이야기 순서 True · 본문 7개
R01:work:yakcho:sub:focus,R01,100,85,15,,,노출 전문 표현 0개 · 85자 초과 문장 0개 / 핵심 결론 1개 중 접힌 근거 1개 / 답변으로 해석을 조정하는 질문 제공 / 생활 장면을 묻는 본문 2개 · 거절 반영 False / 서로 다른 행동 3개 · 언제/확인/대안 True / 실행 카드와 마무리 함께 제공 / 이야기 순서 True · 본문 7개
R01:work:yakcho:all:focus,R01,100,85,15,,,노출 전문 표현 0개 · 85자 초과 문장 0개 / 핵심 결론 1개 중 접힌 근거 1개 / 답변으로 해석을 조정하는 질문 제공 / 생활 장면을 묻는 본문 2개 · 거절 반영 False / 서로 다른 행동 3개 · 언제/확인/대안 True / 실행 카드와 마무리 함께 제공 / 이야기 순서 True · 본문 7개
R01:work:ilgwan:free:focus,R01,88,78,10,,경험 확인 장면 / 완결과 가져갈 것,노출 전문 표현 0개 · 85자 초과 문장 0개 / 핵심 결론 1개 중 접힌 근거 1개 / 답변으로 해석을 조정하는 질문 제공 / 생활 장면을 묻는 본문 1개 · 거절 반영 False / 서로 다른 행동 1개 · 언제/확인/대안 True / 실행 카드와 마무리 함께 제공 / 이야기 순서 True · 본문 2개
R01:work:ilgwan:one:focus,R01,100,85,15,,,노출 전문 표현 0개 · 85자 초과 문장 0개 / 핵심 결론 1개 중 접힌 근거 1개 / 답변으로 해석을 조정하는 질문 제공 / 생활 장면을 묻는 본문 2개 · 거절 반영 False / 서로 다른 행동 3개 · 언제/확인/대안 True / 실행 카드와 마무리 함께 제공 / 이야기 순서 True · 본문 7개
R01:work:ilgwan:sub:focus,R01,100,85,15,,,노출 전문 표현 0개 · 85자 초과 문장 0개 / 핵심 결론 1개 중 접힌 근거 1개 / 답변으로 해석을 조정하는 질문 제공 / 생활 장면을 묻는 본문 2개 · 거절 반영 False / 서로 다른 행동 3개 · 언제/확인/대안 True / 실행 카드와 마무리 함께 제공 / 이야기 순서 True · 본문 7개
R01:work:ilgwan:all:focus,R01,100,85,15,,,노출 전문 표현 0개 · 85자 초과 문장 0개 / 핵심 결론 1개 중 접힌 근거 1개 / 답변으로 해석을 조정하는 질문 제공 / 생활 장면을 묻는 본문 2개 · 거절 반영 False / 서로 다른 행동 3개 · 언제/확인/대안 True / 실행 카드와 마무리 함께 제공 / 이야기 순서 True · 본문 7개
R01:work:nopa:free:focus,R01,88,78,10,,경험 확인 장면 / 완결과 가져갈 것,노출 전문 표현 0개 · 85자 초과 문장 0개 / 핵심 결론 1개 중 접힌 근거 1개 / 답변으로 해석을 조정하는 질문 제공 / 생활 장면을 묻는 본문 1개 · 거절 반영 False / 서로 다른 행동 1개 · 언제/확인/대안 True / 실행 카드와 마무리 함께 제공 / 이야기 순서 True · 본문 2개
R01:work:nopa:one:focus,R01,100,85,15,,,노출 전문 표현 0개 · 85자 초과 문장 0개 / 핵심 결론 1개 중 접힌 근거 1개 / 답변으로 해석을 조정하는 질문 제공 / 생활 장면을 묻는 본문 2개 · 거절 반영 False / 서로 다른 행동 3개 · 언제/확인/대안 True / 실행 카드와 마무리 함께 제공 / 이야기 순서 True · 본문 7개
R01:work:nopa:sub:focus,R01,100,85,15,,,노출 전문 표현 0개 · 85자 초과 문장 0개 / 핵심 결론 1개 중 접힌 근거 1개 / 답변으로 해석을 조정하는 질문 제공 / 생활 장면을 묻는 본문 2개 · 거절 반영 False / 서로 다른 행동 3개 · 언제/확인/대안 True / 실행 카드와 마무리 함께 제공 / 이야기 순서 True · 본문 7개
R01:work:nopa:all:focus,R01,100,85,15,,,노출 전문 표현 0개 · 85자 초과 문장 0개 / 핵심 결론 1개 중 접힌 근거 1개 / 답변으로 해석을 조정하는 질문 제공 / 생활 장면을 묻는 본문 2개 · 거절 반영 False / 서로 다른 행동 3개 · 언제/확인/대안 True / 실행 카드와 마무리 함께 제공 / 이야기 순서 True · 본문 7개
R01:work:dongja:free:focus,R01,88,78,10,,경험 확인 장면 / 완결과 가져갈 것,노출 전문 표현 0개 · 85자 초과 문장 0개 / 핵심 결론 1개 중 접힌 근거 1개 / 답변으로 해석을 조정하는 질문 제공 / 생활 장면을 묻는 본문 1개 · 거절 반영 False / 서로 다른 행동 1개 · 언제/확인/대안 True / 실행 카드와 마무리 함께 제공 / 이야기 순서 True · 본문 2개
R01:work:dongja:one:focus,R01,100,85,15,,,노출 전문 표현 0개 · 85자 초과 문장 0개 / 핵심 결론 1개 중 접힌 근거 1개 / 답변으로 해석을 조정하는 질문 제공 / 생활 장면을 묻는 본문 2개 · 거절 반영 False / 서로 다른 행동 3개 · 언제/확인/대안 True / 실행 카드와 마무리 함께 제공 / 이야기 순서 True · 본문 7개
R01:work:dongja:sub:focus,R01,100,85,15,,,노출 전문 표현 0개 · 85자 초과 문장 0개 / 핵심 결론 1개 중 접힌 근거 1개 / 답변으로 해석을 조정하는 질문 제공 / 생활 장면을 묻는 본문 2개 · 거절 반영 False / 서로 다른 행동 3개 · 언제/확인/대안 True / 실행 카드와 마무리 함께 제공 / 이야기 순서 True · 본문 7개
R01:work:dongja:all:focus,R01,100,85,15,,,노출 전문 표현 0개 · 85자 초과 문장 0개 / 핵심 결론 1개 중 접힌 근거 1개 / 답변으로 해석을 조정하는 질문 제공 / 생활 장면을 묻는 본문 2개 · 거절 반영 False / 서로 다른 행동 3개 · 언제/확인/대안 True / 실행 카드와 마무리 함께 제공 / 이야기 순서 True · 본문 7개
R01:money:pungun:all:book,R01,100,85,15,,,노출 전문 표현 0개 · 85자 초과 문장 0개 / 핵심 결론 0개 중 접힌 근거 0개 / 답변으로 해석을 조정하는 질문 제공 / 생활 장면을 묻는 본문 6개 · 거절 반영 False / 서로 다른 행동 7개 · 언제/확인/대안 True / 실행 카드와 마무리 함께 제공 / 이야기 순서 True · 본문 11개
R01:money:pungun:free:focus,R01,85,65,20,,완결과 가져갈 것 / 읽을 순서,노출 전문 표현 0개 · 85자 초과 문장 0개 / 핵심 결론 0개 중 접힌 근거 0개 / 답변으로 해석을 조정하는 질문 제공 / 생활 장면을 묻는 본문 0개 · 거절 반영 False / 서로 다른 행동 0개 · 언제/확인/대안 True / 실행 카드와 마무리 함께 제공 / 이야기 순서 True · 본문 1개
R01:money:pungun:one:focus,R01,100,85,15,,,노출 전문 표현 0개 · 85자 초과 문장 0개 / 핵심 결론 0개 중 접힌 근거 0개 / 답변으로 해석을 조정하는 질문 제공 / 생활 장면을 묻는 본문 1개 · 거절 반영 False / 서로 다른 행동 2개 · 언제/확인/대안 True / 실행 카드와 마무리 함께 제공 / 이야기 순서 True · 본문 6개
R01:money:pungun:sub:focus,R01,100,85,15,,,노출 전문 표현 0개 · 85자 초과 문장 0개 / 핵심 결론 0개 중 접힌 근거 0개 / 답변으로 해석을 조정하는 질문 제공 / 생활 장면을 묻는 본문 1개 · 거절 반영 False / 서로 다른 행동 2개 · 언제/확인/대안 True / 실행 카드와 마무리 함께 제공 / 이야기 순서 True · 본문 6개
R01:money:pungun:all:focus,R01,100,85,15,,,노출 전문 표현 0개 · 85자 초과 문장 0개 / 핵심 결론 0개 중 접힌 근거 0개 / 답변으로 해석을 조정하는 질문 제공 / 생활 장면을 묻는 본문 1개 · 거절 반영 False / 서로 다른 행동 2개 · 언제/확인/대안 True / 실행 카드와 마무리 함께 제공 / 이야기 순서 True · 본문 6개
R01:money:baegun:free:focus,R01,85,65,20,,완결과 가져갈 것 / 읽을 순서,노출 전문 표현 0개 · 85자 초과 문장 0개 / 핵심 결론 0개 중 접힌 근거 0개 / 답변으로 해석을 조정하는 질문 제공 / 생활 장면을 묻는 본문 0개 · 거절 반영 False / 서로 다른 행동 0개 · 언제/확인/대안 True / 실행 카드와 마무리 함께 제공 / 이야기 순서 True · 본문 1개
R01:money:baegun:one:focus,R01,100,85,15,,,노출 전문 표현 0개 · 85자 초과 문장 0개 / 핵심 결론 0개 중 접힌 근거 0개 / 답변으로 해석을 조정하는 질문 제공 / 생활 장면을 묻는 본문 1개 · 거절 반영 False / 서로 다른 행동 2개 · 언제/확인/대안 True / 실행 카드와 마무리 함께 제공 / 이야기 순서 True · 본문 6개
R01:money:baegun:sub:focus,R01,100,85,15,,,노출 전문 표현 0개 · 85자 초과 문장 0개 / 핵심 결론 0개 중 접힌 근거 0개 / 답변으로 해석을 조정하는 질문 제공 / 생활 장면을 묻는 본문 1개 · 거절 반영 False / 서로 다른 행동 2개 · 언제/확인/대안 True / 실행 카드와 마무리 함께 제공 / 이야기 순서 True · 본문 6개
R01:money:baegun:all:focus,R01,100,85,15,,,노출 전문 표현 0개 · 85자 초과 문장 0개 / 핵심 결론 0개 중 접힌 근거 0개 / 답변으로 해석을 조정하는 질문 제공 / 생활 장면을 묻는 본문 1개 · 거절 반영 False / 서로 다른 행동 2개 · 언제/확인/대안 True / 실행 카드와 마무리 함께 제공 / 이야기 순서 True · 본문 6개
R01:money:cheongam:free:focus,R01,85,65,20,,완결과 가져갈 것 / 읽을 순서,노출 전문 표현 0개 · 85자 초과 문장 0개 / 핵심 결론 0개 중 접힌 근거 0개 / 답변으로 해석을 조정하는 질문 제공 / 생활 장면을 묻는 본문 0개 · 거절 반영 False / 서로 다른 행동 0개 · 언제/확인/대안 True / 실행 카드와 마무리 함께 제공 / 이야기 순서 True · 본문 1개
R01:money:cheongam:one:focus,R01,100,85,15,,,노출 전문 표현 0개 · 85자 초과 문장 0개 / 핵심 결론 0개 중 접힌 근거 0개 / 답변으로 해석을 조정하는 질문 제공 / 생활 장면을 묻는 본문 1개 · 거절 반영 False / 서로 다른 행동 2개 · 언제/확인/대안 True / 실행 카드와 마무리 함께 제공 / 이야기 순서 True · 본문 6개
R01:money:cheongam:sub:focus,R01,100,85,15,,,노출 전문 표현 0개 · 85자 초과 문장 0개 / 핵심 결론 0개 중 접힌 근거 0개 / 답변으로 해석을 조정하는 질문 제공 / 생활 장면을 묻는 본문 1개 · 거절 반영 False / 서로 다른 행동 2개 · 언제/확인/대안 True / 실행 카드와 마무리 함께 제공 / 이야기 순서 True · 본문 6개
R01:money:cheongam:all:focus,R01,100,85,15,,,노출 전문 표현 0개 · 85자 초과 문장 0개 / 핵심 결론 0개 중 접힌 근거 0개 / 답변으로 해석을 조정하는 질문 제공 / 생활 장면을 묻는 본문 1개 · 거절 반영 False / 서로 다른 행동 2개 · 언제/확인/대안 True / 실행 카드와 마무리 함께 제공 / 이야기 순서 True · 본문 6개
R01:money:sigye:free:focus,R01,85,65,20,,완결과 가져갈 것 / 읽을 순서,노출 전문 표현 0개 · 85자 초과 문장 0개 / 핵심 결론 0개 중 접힌 근거 0개 / 답변으로 해석을 조정하는 질문 제공 / 생활 장면을 묻는 본문 0개 · 거절 반영 False / 서로 다른 행동 0개 · 언제/확인/대안 True / 실행 카드와 마무리 함께 제공 / 이야기 순서 True · 본문 1개
R01:money:sigye:one:focus,R01,100,85,15,,,노출 전문 표현 0개 · 85자 초과 문장 0개 / 핵심 결론 0개 중 접힌 근거 0개 / 답변으로 해석을 조정하는 질문 제공 / 생활 장면을 묻는 본문 1개 · 거절 반영 False / 서로 다른 행동 2개 · 언제/확인/대안 True / 실행 카드와 마무리 함께 제공 / 이야기 순서 True · 본문 6개
R01:money:sigye:sub:focus,R01,100,85,15,,,노출 전문 표현 0개 · 85자 초과 문장 0개 / 핵심 결론 0개 중 접힌 근거 0개 / 답변으로 해석을 조정하는 질문 제공 / 생활 장면을 묻는 본문 1개 · 거절 반영 False / 서로 다른 행동 2개 · 언제/확인/대안 True / 실행 카드와 마무리 함께 제공 / 이야기 순서 True · 본문 6개
R01:money:sigye:all:focus,R01,100,85,15,,,노출 전문 표현 0개 · 85자 초과 문장 0개 / 핵심 결론 0개 중 접힌 근거 0개 / 답변으로 해석을 조정하는 질문 제공 / 생활 장면을 묻는 본문 1개 · 거절 반영 False / 서로 다른 행동 2개 · 언제/확인/대안 True / 실행 카드와 마무리 함께 제공 / 이야기 순서 True · 본문 6개
R01:money:eunbyeol:free:focus,R01,85,65,20,,완결과 가져갈 것 / 읽을 순서,노출 전문 표현 0개 · 85자 초과 문장 0개 / 핵심 결론 0개 중 접힌 근거 0개 / 답변으로 해석을 조정하는 질문 제공 / 생활 장면을 묻는 본문 0개 · 거절 반영 False / 서로 다른 행동 0개 · 언제/확인/대안 True / 실행 카드와 마무리 함께 제공 / 이야기 순서 True · 본문 1개
R01:money:eunbyeol:one:focus,R01,100,85,15,,,노출 전문 표현 0개 · 85자 초과 문장 0개 / 핵심 결론 0개 중 접힌 근거 0개 / 답변으로 해석을 조정하는 질문 제공 / 생활 장면을 묻는 본문 1개 · 거절 반영 False / 서로 다른 행동 2개 · 언제/확인/대안 True / 실행 카드와 마무리 함께 제공 / 이야기 순서 True · 본문 6개
R01:money:eunbyeol:sub:focus,R01,100,85,15,,,노출 전문 표현 0개 · 85자 초과 문장 0개 / 핵심 결론 0개 중 접힌 근거 0개 / 답변으로 해석을 조정하는 질문 제공 / 생활 장면을 묻는 본문 1개 · 거절 반영 False / 서로 다른 행동 2개 · 언제/확인/대안 True / 실행 카드와 마무리 함께 제공 / 이야기 순서 True · 본문 6개
R01:money:eunbyeol:all:focus,R01,100,85,15,,,노출 전문 표현 0개 · 85자 초과 문장 0개 / 핵심 결론 0개 중 접힌 근거 0개 / 답변으로 해석을 조정하는 질문 제공 / 생활 장면을 묻는 본문 1개 · 거절 반영 False / 서로 다른 행동 2개 · 언제/확인/대안 True / 실행 카드와 마무리 함께 제공 / 이야기 순서 True · 본문 6개
R01:money:jeokhyeol:free:focus,R01,85,65,20,,완결과 가져갈 것 / 읽을 순서,노출 전문 표현 0개 · 85자 초과 문장 0개 / 핵심 결론 0개 중 접힌 근거 0개 / 답변으로 해석을 조정하는 질문 제공 / 생활 장면을 묻는 본문 0개 · 거절 반영 False / 서로 다른 행동 0개 · 언제/확인/대안 True / 실행 카드와 마무리 함께 제공 / 이야기 순서 True · 본문 1개
R01:money:jeokhyeol:one:focus,R01,100,85,15,,,노출 전문 표현 0개 · 85자 초과 문장 0개 / 핵심 결론 0개 중 접힌 근거 0개 / 답변으로 해석을 조정하는 질문 제공 / 생활 장면을 묻는 본문 1개 · 거절 반영 False / 서로 다른 행동 2개 · 언제/확인/대안 True / 실행 카드와 마무리 함께 제공 / 이야기 순서 True · 본문 6개
R01:money:jeokhyeol:sub:focus,R01,100,85,15,,,노출 전문 표현 0개 · 85자 초과 문장 0개 / 핵심 결론 0개 중 접힌 근거 0개 / 답변으로 해석을 조정하는 질문 제공 / 생활 장면을 묻는 본문 1개 · 거절 반영 False / 서로 다른 행동 2개 · 언제/확인/대안 True / 실행 카드와 마무리 함께 제공 / 이야기 순서 True · 본문 6개
R01:money:jeokhyeol:all:focus,R01,100,85,15,,,노출 전문 표현 0개 · 85자 초과 문장 0개 / 핵심 결론 0개 중 접힌 근거 0개 / 답변으로 해석을 조정하는 질문 제공 / 생활 장면을 묻는 본문 1개 · 거절 반영 False / 서로 다른 행동 2개 · 언제/확인/대안 True / 실행 카드와 마무리 함께 제공 / 이야기 순서 True · 본문 6개
R01:money:monghwa:free:focus,R01,85,65,20,,완결과 가져갈 것 / 읽을 순서,노출 전문 표현 0개 · 85자 초과 문장 0개 / 핵심 결론 0개 중 접힌 근거 0개 / 답변으로 해석을 조정하는 질문 제공 / 생활 장면을 묻는 본문 0개 · 거절 반영 False / 서로 다른 행동 0개 · 언제/확인/대안 True / 실행 카드와 마무리 함께 제공 / 이야기 순서 True · 본문 1개
R01:money:monghwa:one:focus,R01,100,85,15,,,노출 전문 표현 0개 · 85자 초과 문장 0개 / 핵심 결론 0개 중 접힌 근거 0개 / 답변으로 해석을 조정하는 질문 제공 / 생활 장면을 묻는 본문 1개 · 거절 반영 False / 서로 다른 행동 2개 · 언제/확인/대안 True / 실행 카드와 마무리 함께 제공 / 이야기 순서 True · 본문 6개
R01:money:monghwa:sub:focus,R01,100,85,15,,,노출 전문 표현 0개 · 85자 초과 문장 0개 / 핵심 결론 0개 중 접힌 근거 0개 / 답변으로 해석을 조정하는 질문 제공 / 생활 장면을 묻는 본문 1개 · 거절 반영 False / 서로 다른 행동 2개 · 언제/확인/대안 True / 실행 카드와 마무리 함께 제공 / 이야기 순서 True · 본문 6개
R01:money:monghwa:all:focus,R01,100,85,15,,,노출 전문 표현 0개 · 85자 초과 문장 0개 / 핵심 결론 0개 중 접힌 근거 0개 / 답변으로 해석을 조정하는 질문 제공 / 생활 장면을 묻는 본문 1개 · 거절 반영 False / 서로 다른 행동 2개 · 언제/확인/대안 True / 실행 카드와 마무리 함께 제공 / 이야기 순서 True · 본문 6개
R01:money:seoyeok:free:focus,R01,85,65,20,,완결과 가져갈 것 / 읽을 순서,노출 전문 표현 0개 · 85자 초과 문장 0개 / 핵심 결론 0개 중 접힌 근거 0개 / 답변으로 해석을 조정하는 질문 제공 / 생활 장면을 묻는 본문 0개 · 거절 반영 False / 서로 다른 행동 0개 · 언제/확인/대안 True / 실행 카드와 마무리 함께 제공 / 이야기 순서 True · 본문 1개
R01:money:seoyeok:one:focus,R01,100,85,15,,,노출 전문 표현 0개 · 85자 초과 문장 0개 / 핵심 결론 0개 중 접힌 근거 0개 / 답변으로 해석을 조정하는 질문 제공 / 생활 장면을 묻는 본문 1개 · 거절 반영 False / 서로 다른 행동 2개 · 언제/확인/대안 True / 실행 카드와 마무리 함께 제공 / 이야기 순서 True · 본문 6개
R01:money:seoyeok:sub:focus,R01,100,85,15,,,노출 전문 표현 0개 · 85자 초과 문장 0개 / 핵심 결론 0개 중 접힌 근거 0개 / 답변으로 해석을 조정하는 질문 제공 / 생활 장면을 묻는 본문 1개 · 거절 반영 False / 서로 다른 행동 2개 · 언제/확인/대안 True / 실행 카드와 마무리 함께 제공 / 이야기 순서 True · 본문 6개
R01:money:seoyeok:all:focus,R01,100,85,15,,,노출 전문 표현 0개 · 85자 초과 문장 0개 / 핵심 결론 0개 중 접힌 근거 0개 / 답변으로 해석을 조정하는 질문 제공 / 생활 장면을 묻는 본문 1개 · 거절 반영 False / 서로 다른 행동 2개 · 언제/확인/대안 True / 실행 카드와 마무리 함께 제공 / 이야기 순서 True · 본문 6개
R01:money:paeseon:free:focus,R01,85,65,20,,완결과 가져갈 것 / 읽을 순서,노출 전문 표현 0개 · 85자 초과 문장 0개 / 핵심 결론 0개 중 접힌 근거 0개 / 답변으로 해석을 조정하는 질문 제공 / 생활 장면을 묻는 본문 0개 · 거절 반영 False / 서로 다른 행동 0개 · 언제/확인/대안 True / 실행 카드와 마무리 함께 제공 / 이야기 순서 True · 본문 1개
R01:money:paeseon:one:focus,R01,100,85,15,,,노출 전문 표현 0개 · 85자 초과 문장 0개 / 핵심 결론 0개 중 접힌 근거 0개 / 답변으로 해석을 조정하는 질문 제공 / 생활 장면을 묻는 본문 1개 · 거절 반영 False / 서로 다른 행동 2개 · 언제/확인/대안 True / 실행 카드와 마무리 함께 제공 / 이야기 순서 True · 본문 6개
R01:money:paeseon:sub:focus,R01,100,85,15,,,노출 전문 표현 0개 · 85자 초과 문장 0개 / 핵심 결론 0개 중 접힌 근거 0개 / 답변으로 해석을 조정하는 질문 제공 / 생활 장면을 묻는 본문 1개 · 거절 반영 False / 서로 다른 행동 2개 · 언제/확인/대안 True / 실행 카드와 마무리 함께 제공 / 이야기 순서 True · 본문 6개
R01:money:paeseon:all:focus,R01,100,85,15,,,노출 전문 표현 0개 · 85자 초과 문장 0개 / 핵심 결론 0개 중 접힌 근거 0개 / 답변으로 해석을 조정하는 질문 제공 / 생활 장면을 묻는 본문 1개 · 거절 반영 False / 서로 다른 행동 2개 · 언제/확인/대안 True / 실행 카드와 마무리 함께 제공 / 이야기 순서 True · 본문 6개
R01:money:myeonsang:free:focus,R01,85,65,20,,완결과 가져갈 것 / 읽을 순서,노출 전문 표현 0개 · 85자 초과 문장 0개 / 핵심 결론 0개 중 접힌 근거 0개 / 답변으로 해석을 조정하는 질문 제공 / 생활 장면을 묻는 본문 0개 · 거절 반영 False / 서로 다른 행동 0개 · 언제/확인/대안 True / 실행 카드와 마무리 함께 제공 / 이야기 순서 True · 본문 1개
R01:money:myeonsang:one:focus,R01,100,85,15,,,노출 전문 표현 0개 · 85자 초과 문장 0개 / 핵심 결론 0개 중 접힌 근거 0개 / 답변으로 해석을 조정하는 질문 제공 / 생활 장면을 묻는 본문 1개 · 거절 반영 False / 서로 다른 행동 2개 · 언제/확인/대안 True / 실행 카드와 마무리 함께 제공 / 이야기 순서 True · 본문 6개
R01:money:myeonsang:sub:focus,R01,100,85,15,,,노출 전문 표현 0개 · 85자 초과 문장 0개 / 핵심 결론 0개 중 접힌 근거 0개 / 답변으로 해석을 조정하는 질문 제공 / 생활 장면을 묻는 본문 1개 · 거절 반영 False / 서로 다른 행동 2개 · 언제/확인/대안 True / 실행 카드와 마무리 함께 제공 / 이야기 순서 True · 본문 6개
R01:money:myeonsang:all:focus,R01,100,85,15,,,노출 전문 표현 0개 · 85자 초과 문장 0개 / 핵심 결론 0개 중 접힌 근거 0개 / 답변으로 해석을 조정하는 질문 제공 / 생활 장면을 묻는 본문 1개 · 거절 반영 False / 서로 다른 행동 2개 · 언제/확인/대안 True / 실행 카드와 마무리 함께 제공 / 이야기 순서 True · 본문 6개
R01:money:wolha:free:focus,R01,85,65,20,,완결과 가져갈 것 / 읽을 순서,노출 전문 표현 0개 · 85자 초과 문장 0개 / 핵심 결론 0개 중 접힌 근거 0개 / 답변으로 해석을 조정하는 질문 제공 / 생활 장면을 묻는 본문 0개 · 거절 반영 False / 서로 다른 행동 0개 · 언제/확인/대안 True / 실행 카드와 마무리 함께 제공 / 이야기 순서 True · 본문 1개
R01:money:wolha:one:focus,R01,100,85,15,,,노출 전문 표현 0개 · 85자 초과 문장 0개 / 핵심 결론 0개 중 접힌 근거 0개 / 답변으로 해석을 조정하는 질문 제공 / 생활 장면을 묻는 본문 1개 · 거절 반영 False / 서로 다른 행동 2개 · 언제/확인/대안 True / 실행 카드와 마무리 함께 제공 / 이야기 순서 True · 본문 6개
R01:money:wolha:sub:focus,R01,100,85,15,,,노출 전문 표현 0개 · 85자 초과 문장 0개 / 핵심 결론 0개 중 접힌 근거 0개 / 답변으로 해석을 조정하는 질문 제공 / 생활 장면을 묻는 본문 1개 · 거절 반영 False / 서로 다른 행동 2개 · 언제/확인/대안 True / 실행 카드와 마무리 함께 제공 / 이야기 순서 True · 본문 6개
R01:money:wolha:all:focus,R01,100,85,15,,,노출 전문 표현 0개 · 85자 초과 문장 0개 / 핵심 결론 0개 중 접힌 근거 0개 / 답변으로 해석을 조정하는 질문 제공 / 생활 장면을 묻는 본문 1개 · 거절 반영 False / 서로 다른 행동 2개 · 언제/확인/대안 True / 실행 카드와 마무리 함께 제공 / 이야기 순서 True · 본문 6개
R01:money:hongmae:free:focus,R01,85,65,20,,완결과 가져갈 것 / 읽을 순서,노출 전문 표현 0개 · 85자 초과 문장 0개 / 핵심 결론 0개 중 접힌 근거 0개 / 답변으로 해석을 조정하는 질문 제공 / 생활 장면을 묻는 본문 0개 · 거절 반영 False / 서로 다른 행동 0개 · 언제/확인/대안 True / 실행 카드와 마무리 함께 제공 / 이야기 순서 True · 본문 1개
R01:money:hongmae:one:focus,R01,100,85,15,,,노출 전문 표현 0개 · 85자 초과 문장 0개 / 핵심 결론 0개 중 접힌 근거 0개 / 답변으로 해석을 조정하는 질문 제공 / 생활 장면을 묻는 본문 1개 · 거절 반영 False / 서로 다른 행동 2개 · 언제/확인/대안 True / 실행 카드와 마무리 함께 제공 / 이야기 순서 True · 본문 6개
R01:money:hongmae:sub:focus,R01,100,85,15,,,노출 전문 표현 0개 · 85자 초과 문장 0개 / 핵심 결론 0개 중 접힌 근거 0개 / 답변으로 해석을 조정하는 질문 제공 / 생활 장면을 묻는 본문 1개 · 거절 반영 False / 서로 다른 행동 2개 · 언제/확인/대안 True / 실행 카드와 마무리 함께 제공 / 이야기 순서 True · 본문 6개
R01:money:hongmae:all:focus,R01,100,85,15,,,노출 전문 표현 0개 · 85자 초과 문장 0개 / 핵심 결론 0개 중 접힌 근거 0개 / 답변으로 해석을 조정하는 질문 제공 / 생활 장면을 묻는 본문 1개 · 거절 반영 False / 서로 다른 행동 2개 · 언제/확인/대안 True / 실행 카드와 마무리 함께 제공 / 이야기 순서 True · 본문 6개
R01:money:yeondam:free:focus,R01,85,65,20,,완결과 가져갈 것 / 읽을 순서,노출 전문 표현 0개 · 85자 초과 문장 0개 / 핵심 결론 0개 중 접힌 근거 0개 / 답변으로 해석을 조정하는 질문 제공 / 생활 장면을 묻는 본문 0개 · 거절 반영 False / 서로 다른 행동 0개 · 언제/확인/대안 True / 실행 카드와 마무리 함께 제공 / 이야기 순서 True · 본문 1개
R01:money:yeondam:one:focus,R01,100,85,15,,,노출 전문 표현 0개 · 85자 초과 문장 0개 / 핵심 결론 0개 중 접힌 근거 0개 / 답변으로 해석을 조정하는 질문 제공 / 생활 장면을 묻는 본문 1개 · 거절 반영 False / 서로 다른 행동 2개 · 언제/확인/대안 True / 실행 카드와 마무리 함께 제공 / 이야기 순서 True · 본문 6개
R01:money:yeondam:sub:focus,R01,100,85,15,,,노출 전문 표현 0개 · 85자 초과 문장 0개 / 핵심 결론 0개 중 접힌 근거 0개 / 답변으로 해석을 조정하는 질문 제공 / 생활 장면을 묻는 본문 1개 · 거절 반영 False / 서로 다른 행동 2개 · 언제/확인/대안 True / 실행 카드와 마무리 함께 제공 / 이야기 순서 True · 본문 6개
R01:money:yeondam:all:focus,R01,100,85,15,,,노출 전문 표현 0개 · 85자 초과 문장 0개 / 핵심 결론 0개 중 접힌 근거 0개 / 답변으로 해석을 조정하는 질문 제공 / 생활 장면을 묻는 본문 1개 · 거절 반영 False / 서로 다른 행동 2개 · 언제/확인/대안 True / 실행 카드와 마무리 함께 제공 / 이야기 순서 True · 본문 6개
R01:money:hwagyeong:free:focus,R01,85,65,20,,완결과 가져갈 것 / 읽을 순서,노출 전문 표현 0개 · 85자 초과 문장 0개 / 핵심 결론 0개 중 접힌 근거 0개 / 답변으로 해석을 조정하는 질문 제공 / 생활 장면을 묻는 본문 0개 · 거절 반영 False / 서로 다른 행동 0개 · 언제/확인/대안 True / 실행 카드와 마무리 함께 제공 / 이야기 순서 True · 본문 1개
R01:money:hwagyeong:one:focus,R01,100,85,15,,,노출 전문 표현 0개 · 85자 초과 문장 0개 / 핵심 결론 0개 중 접힌 근거 0개 / 답변으로 해석을 조정하는 질문 제공 / 생활 장면을 묻는 본문 1개 · 거절 반영 False / 서로 다른 행동 2개 · 언제/확인/대안 True / 실행 카드와 마무리 함께 제공 / 이야기 순서 True · 본문 6개
R01:money:hwagyeong:sub:focus,R01,100,85,15,,,노출 전문 표현 0개 · 85자 초과 문장 0개 / 핵심 결론 0개 중 접힌 근거 0개 / 답변으로 해석을 조정하는 질문 제공 / 생활 장면을 묻는 본문 1개 · 거절 반영 False / 서로 다른 행동 2개 · 언제/확인/대안 True / 실행 카드와 마무리 함께 제공 / 이야기 순서 True · 본문 6개
R01:money:hwagyeong:all:focus,R01,100,85,15,,,노출 전문 표현 0개 · 85자 초과 문장 0개 / 핵심 결론 0개 중 접힌 근거 0개 / 답변으로 해석을 조정하는 질문 제공 / 생활 장면을 묻는 본문 1개 · 거절 반영 False / 서로 다른 행동 2개 · 언제/확인/대안 True / 실행 카드와 마무리 함께 제공 / 이야기 순서 True · 본문 6개
R01:money:haengsu:free:focus,R01,85,65,20,,완결과 가져갈 것 / 읽을 순서,노출 전문 표현 0개 · 85자 초과 문장 0개 / 핵심 결론 0개 중 접힌 근거 0개 / 답변으로 해석을 조정하는 질문 제공 / 생활 장면을 묻는 본문 0개 · 거절 반영 False / 서로 다른 행동 0개 · 언제/확인/대안 True / 실행 카드와 마무리 함께 제공 / 이야기 순서 True · 본문 1개
R01:money:haengsu:one:focus,R01,100,85,15,,,노출 전문 표현 0개 · 85자 초과 문장 0개 / 핵심 결론 0개 중 접힌 근거 0개 / 답변으로 해석을 조정하는 질문 제공 / 생활 장면을 묻는 본문 1개 · 거절 반영 False / 서로 다른 행동 2개 · 언제/확인/대안 True / 실행 카드와 마무리 함께 제공 / 이야기 순서 True · 본문 6개
R01:money:haengsu:sub:focus,R01,100,85,15,,,노출 전문 표현 0개 · 85자 초과 문장 0개 / 핵심 결론 0개 중 접힌 근거 0개 / 답변으로 해석을 조정하는 질문 제공 / 생활 장면을 묻는 본문 1개 · 거절 반영 False / 서로 다른 행동 2개 · 언제/확인/대안 True / 실행 카드와 마무리 함께 제공 / 이야기 순서 True · 본문 6개
R01:money:haengsu:all:focus,R01,100,85,15,,,노출 전문 표현 0개 · 85자 초과 문장 0개 / 핵심 결론 0개 중 접힌 근거 0개 / 답변으로 해석을 조정하는 질문 제공 / 생활 장면을 묻는 본문 1개 · 거절 반영 False / 서로 다른 행동 2개 · 언제/확인/대안 True / 실행 카드와 마무리 함께 제공 / 이야기 순서 True · 본문 6개
R01:money:hunjang:free:focus,R01,85,65,20,,완결과 가져갈 것 / 읽을 순서,노출 전문 표현 0개 · 85자 초과 문장 0개 / 핵심 결론 0개 중 접힌 근거 0개 / 답변으로 해석을 조정하는 질문 제공 / 생활 장면을 묻는 본문 0개 · 거절 반영 False / 서로 다른 행동 0개 · 언제/확인/대안 True / 실행 카드와 마무리 함께 제공 / 이야기 순서 True · 본문 1개
R01:money:hunjang:one:focus,R01,100,85,15,,,노출 전문 표현 0개 · 85자 초과 문장 0개 / 핵심 결론 0개 중 접힌 근거 0개 / 답변으로 해석을 조정하는 질문 제공 / 생활 장면을 묻는 본문 1개 · 거절 반영 False / 서로 다른 행동 2개 · 언제/확인/대안 True / 실행 카드와 마무리 함께 제공 / 이야기 순서 True · 본문 6개
R01:money:hunjang:sub:focus,R01,100,85,15,,,노출 전문 표현 0개 · 85자 초과 문장 0개 / 핵심 결론 0개 중 접힌 근거 0개 / 답변으로 해석을 조정하는 질문 제공 / 생활 장면을 묻는 본문 1개 · 거절 반영 False / 서로 다른 행동 2개 · 언제/확인/대안 True / 실행 카드와 마무리 함께 제공 / 이야기 순서 True · 본문 6개
R01:money:hunjang:all:focus,R01,100,85,15,,,노출 전문 표현 0개 · 85자 초과 문장 0개 / 핵심 결론 0개 중 접힌 근거 0개 / 답변으로 해석을 조정하는 질문 제공 / 생활 장면을 묻는 본문 1개 · 거절 반영 False / 서로 다른 행동 2개 · 언제/확인/대안 True / 실행 카드와 마무리 함께 제공 / 이야기 순서 True · 본문 6개
R01:money:yakcho:free:focus,R01,85,65,20,,완결과 가져갈 것 / 읽을 순서,노출 전문 표현 0개 · 85자 초과 문장 0개 / 핵심 결론 0개 중 접힌 근거 0개 / 답변으로 해석을 조정하는 질문 제공 / 생활 장면을 묻는 본문 0개 · 거절 반영 False / 서로 다른 행동 0개 · 언제/확인/대안 True / 실행 카드와 마무리 함께 제공 / 이야기 순서 True · 본문 1개
R01:money:yakcho:one:focus,R01,100,85,15,,,노출 전문 표현 0개 · 85자 초과 문장 0개 / 핵심 결론 0개 중 접힌 근거 0개 / 답변으로 해석을 조정하는 질문 제공 / 생활 장면을 묻는 본문 1개 · 거절 반영 False / 서로 다른 행동 2개 · 언제/확인/대안 True / 실행 카드와 마무리 함께 제공 / 이야기 순서 True · 본문 6개
R01:money:yakcho:sub:focus,R01,100,85,15,,,노출 전문 표현 0개 · 85자 초과 문장 0개 / 핵심 결론 0개 중 접힌 근거 0개 / 답변으로 해석을 조정하는 질문 제공 / 생활 장면을 묻는 본문 1개 · 거절 반영 False / 서로 다른 행동 2개 · 언제/확인/대안 True / 실행 카드와 마무리 함께 제공 / 이야기 순서 True · 본문 6개
R01:money:yakcho:all:focus,R01,100,85,15,,,노출 전문 표현 0개 · 85자 초과 문장 0개 / 핵심 결론 0개 중 접힌 근거 0개 / 답변으로 해석을 조정하는 질문 제공 / 생활 장면을 묻는 본문 1개 · 거절 반영 False / 서로 다른 행동 2개 · 언제/확인/대안 True / 실행 카드와 마무리 함께 제공 / 이야기 순서 True · 본문 6개
R01:money:ilgwan:free:focus,R01,85,65,20,,완결과 가져갈 것 / 읽을 순서,노출 전문 표현 0개 · 85자 초과 문장 0개 / 핵심 결론 0개 중 접힌 근거 0개 / 답변으로 해석을 조정하는 질문 제공 / 생활 장면을 묻는 본문 0개 · 거절 반영 False / 서로 다른 행동 0개 · 언제/확인/대안 True / 실행 카드와 마무리 함께 제공 / 이야기 순서 True · 본문 1개
R01:money:ilgwan:one:focus,R01,100,85,15,,,노출 전문 표현 0개 · 85자 초과 문장 0개 / 핵심 결론 0개 중 접힌 근거 0개 / 답변으로 해석을 조정하는 질문 제공 / 생활 장면을 묻는 본문 1개 · 거절 반영 False / 서로 다른 행동 2개 · 언제/확인/대안 True / 실행 카드와 마무리 함께 제공 / 이야기 순서 True · 본문 6개
R01:money:ilgwan:sub:focus,R01,100,85,15,,,노출 전문 표현 0개 · 85자 초과 문장 0개 / 핵심 결론 0개 중 접힌 근거 0개 / 답변으로 해석을 조정하는 질문 제공 / 생활 장면을 묻는 본문 1개 · 거절 반영 False / 서로 다른 행동 2개 · 언제/확인/대안 True / 실행 카드와 마무리 함께 제공 / 이야기 순서 True · 본문 6개
R01:money:ilgwan:all:focus,R01,100,85,15,,,노출 전문 표현 0개 · 85자 초과 문장 0개 / 핵심 결론 0개 중 접힌 근거 0개 / 답변으로 해석을 조정하는 질문 제공 / 생활 장면을 묻는 본문 1개 · 거절 반영 False / 서로 다른 행동 2개 · 언제/확인/대안 True / 실행 카드와 마무리 함께 제공 / 이야기 순서 True · 본문 6개
R01:money:nopa:free:focus,R01,85,65,20,,완결과 가져갈 것 / 읽을 순서,노출 전문 표현 0개 · 85자 초과 문장 0개 / 핵심 결론 0개 중 접힌 근거 0개 / 답변으로 해석을 조정하는 질문 제공 / 생활 장면을 묻는 본문 0개 · 거절 반영 False / 서로 다른 행동 0개 · 언제/확인/대안 True / 실행 카드와 마무리 함께 제공 / 이야기 순서 True · 본문 1개
R01:money:nopa:one:focus,R01,100,85,15,,,노출 전문 표현 0개 · 85자 초과 문장 0개 / 핵심 결론 0개 중 접힌 근거 0개 / 답변으로 해석을 조정하는 질문 제공 / 생활 장면을 묻는 본문 1개 · 거절 반영 False / 서로 다른 행동 2개 · 언제/확인/대안 True / 실행 카드와 마무리 함께 제공 / 이야기 순서 True · 본문 6개
R01:money:nopa:sub:focus,R01,100,85,15,,,노출 전문 표현 0개 · 85자 초과 문장 0개 / 핵심 결론 0개 중 접힌 근거 0개 / 답변으로 해석을 조정하는 질문 제공 / 생활 장면을 묻는 본문 1개 · 거절 반영 False / 서로 다른 행동 2개 · 언제/확인/대안 True / 실행 카드와 마무리 함께 제공 / 이야기 순서 True · 본문 6개
R01:money:nopa:all:focus,R01,100,85,15,,,노출 전문 표현 0개 · 85자 초과 문장 0개 / 핵심 결론 0개 중 접힌 근거 0개 / 답변으로 해석을 조정하는 질문 제공 / 생활 장면을 묻는 본문 1개 · 거절 반영 False / 서로 다른 행동 2개 · 언제/확인/대안 True / 실행 카드와 마무리 함께 제공 / 이야기 순서 True · 본문 6개
R01:money:dongja:free:focus,R01,85,65,20,,완결과 가져갈 것 / 읽을 순서,노출 전문 표현 0개 · 85자 초과 문장 0개 / 핵심 결론 0개 중 접힌 근거 0개 / 답변으로 해석을 조정하는 질문 제공 / 생활 장면을 묻는 본문 0개 · 거절 반영 False / 서로 다른 행동 0개 · 언제/확인/대안 True / 실행 카드와 마무리 함께 제공 / 이야기 순서 True · 본문 1개
R01:money:dongja:one:focus,R01,100,85,15,,,노출 전문 표현 0개 · 85자 초과 문장 0개 / 핵심 결론 0개 중 접힌 근거 0개 / 답변으로 해석을 조정하는 질문 제공 / 생활 장면을 묻는 본문 1개 · 거절 반영 False / 서로 다른 행동 2개 · 언제/확인/대안 True / 실행 카드와 마무리 함께 제공 / 이야기 순서 True · 본문 6개
R01:money:dongja:sub:focus,R01,100,85,15,,,노출 전문 표현 0개 · 85자 초과 문장 0개 / 핵심 결론 0개 중 접힌 근거 0개 / 답변으로 해석을 조정하는 질문 제공 / 생활 장면을 묻는 본문 1개 · 거절 반영 False / 서로 다른 행동 2개 · 언제/확인/대안 True / 실행 카드와 마무리 함께 제공 / 이야기 순서 True · 본문 6개
R01:money:dongja:all:focus,R01,100,85,15,,,노출 전문 표현 0개 · 85자 초과 문장 0개 / 핵심 결론 0개 중 접힌 근거 0개 / 답변으로 해석을 조정하는 질문 제공 / 생활 장면을 묻는 본문 1개 · 거절 반영 False / 서로 다른 행동 2개 · 언제/확인/대안 True / 실행 카드와 마무리 함께 제공 / 이야기 순서 True · 본문 6개
R01:love:pungun:all:book,R01,100,85,15,,,노출 전문 표현 0개 · 85자 초과 문장 0개 / 핵심 결론 2개 중 접힌 근거 2개 / 답변으로 해석을 조정하는 질문 제공 / 생활 장면을 묻는 본문 6개 · 거절 반영 False / 서로 다른 행동 9개 · 언제/확인/대안 True / 실행 카드와 마무리 함께 제공 / 이야기 순서 True · 본문 13개
R01:love:pungun:free:focus,R01,80,70,10,,경험 확인 장면 / 완결과 가져갈 것,노출 전문 표현 0개 · 85자 초과 문장 0개 / 핵심 결론 1개 중 접힌 근거 1개 / 답변으로 해석을 조정하는 질문 제공 / 생활 장면을 묻는 본문 0개 · 거절 반영 False / 서로 다른 행동 1개 · 언제/확인/대안 True / 실행 카드와 마무리 함께 제공 / 이야기 순서 True · 본문 2개
R01:love:pungun:one:focus,R01,92,78,14,,경험 확인 장면,노출 전문 표현 0개 · 85자 초과 문장 0개 / 핵심 결론 2개 중 접힌 근거 2개 / 답변으로 해석을 조정하는 질문 제공 / 생활 장면을 묻는 본문 1개 · 거절 반영 False / 서로 다른 행동 4개 · 언제/확인/대안 True / 실행 카드와 마무리 함께 제공 / 이야기 순서 True · 본문 8개
R01:love:pungun:sub:focus,R01,92,78,14,,경험 확인 장면,노출 전문 표현 0개 · 85자 초과 문장 0개 / 핵심 결론 2개 중 접힌 근거 2개 / 답변으로 해석을 조정하는 질문 제공 / 생활 장면을 묻는 본문 1개 · 거절 반영 False / 서로 다른 행동 4개 · 언제/확인/대안 True / 실행 카드와 마무리 함께 제공 / 이야기 순서 True · 본문 8개
R01:love:pungun:all:focus,R01,92,78,14,,경험 확인 장면,노출 전문 표현 0개 · 85자 초과 문장 0개 / 핵심 결론 2개 중 접힌 근거 2개 / 답변으로 해석을 조정하는 질문 제공 / 생활 장면을 묻는 본문 1개 · 거절 반영 False / 서로 다른 행동 4개 · 언제/확인/대안 True / 실행 카드와 마무리 함께 제공 / 이야기 순서 True · 본문 8개
R01:love:baegun:free:focus,R01,80,70,10,,경험 확인 장면 / 완결과 가져갈 것,노출 전문 표현 0개 · 85자 초과 문장 0개 / 핵심 결론 1개 중 접힌 근거 1개 / 답변으로 해석을 조정하는 질문 제공 / 생활 장면을 묻는 본문 0개 · 거절 반영 False / 서로 다른 행동 1개 · 언제/확인/대안 True / 실행 카드와 마무리 함께 제공 / 이야기 순서 True · 본문 2개
R01:love:baegun:one:focus,R01,92,78,14,,경험 확인 장면,노출 전문 표현 0개 · 85자 초과 문장 0개 / 핵심 결론 2개 중 접힌 근거 2개 / 답변으로 해석을 조정하는 질문 제공 / 생활 장면을 묻는 본문 1개 · 거절 반영 False / 서로 다른 행동 4개 · 언제/확인/대안 True / 실행 카드와 마무리 함께 제공 / 이야기 순서 True · 본문 8개
R01:love:baegun:sub:focus,R01,92,78,14,,경험 확인 장면,노출 전문 표현 0개 · 85자 초과 문장 0개 / 핵심 결론 2개 중 접힌 근거 2개 / 답변으로 해석을 조정하는 질문 제공 / 생활 장면을 묻는 본문 1개 · 거절 반영 False / 서로 다른 행동 4개 · 언제/확인/대안 True / 실행 카드와 마무리 함께 제공 / 이야기 순서 True · 본문 8개
R01:love:baegun:all:focus,R01,92,78,14,,경험 확인 장면,노출 전문 표현 0개 · 85자 초과 문장 0개 / 핵심 결론 2개 중 접힌 근거 2개 / 답변으로 해석을 조정하는 질문 제공 / 생활 장면을 묻는 본문 1개 · 거절 반영 False / 서로 다른 행동 4개 · 언제/확인/대안 True / 실행 카드와 마무리 함께 제공 / 이야기 순서 True · 본문 8개
R01:love:cheongam:free:focus,R01,80,70,10,,경험 확인 장면 / 완결과 가져갈 것,노출 전문 표현 0개 · 85자 초과 문장 0개 / 핵심 결론 1개 중 접힌 근거 1개 / 답변으로 해석을 조정하는 질문 제공 / 생활 장면을 묻는 본문 0개 · 거절 반영 False / 서로 다른 행동 1개 · 언제/확인/대안 True / 실행 카드와 마무리 함께 제공 / 이야기 순서 True · 본문 2개
R01:love:cheongam:one:focus,R01,92,78,14,,경험 확인 장면,노출 전문 표현 0개 · 85자 초과 문장 0개 / 핵심 결론 2개 중 접힌 근거 2개 / 답변으로 해석을 조정하는 질문 제공 / 생활 장면을 묻는 본문 1개 · 거절 반영 False / 서로 다른 행동 4개 · 언제/확인/대안 True / 실행 카드와 마무리 함께 제공 / 이야기 순서 True · 본문 8개
R01:love:cheongam:sub:focus,R01,92,78,14,,경험 확인 장면,노출 전문 표현 0개 · 85자 초과 문장 0개 / 핵심 결론 2개 중 접힌 근거 2개 / 답변으로 해석을 조정하는 질문 제공 / 생활 장면을 묻는 본문 1개 · 거절 반영 False / 서로 다른 행동 4개 · 언제/확인/대안 True / 실행 카드와 마무리 함께 제공 / 이야기 순서 True · 본문 8개
R01:love:cheongam:all:focus,R01,92,78,14,,경험 확인 장면,노출 전문 표현 0개 · 85자 초과 문장 0개 / 핵심 결론 2개 중 접힌 근거 2개 / 답변으로 해석을 조정하는 질문 제공 / 생활 장면을 묻는 본문 1개 · 거절 반영 False / 서로 다른 행동 4개 · 언제/확인/대안 True / 실행 카드와 마무리 함께 제공 / 이야기 순서 True · 본문 8개
R01:love:sigye:free:focus,R01,80,70,10,,경험 확인 장면 / 완결과 가져갈 것,노출 전문 표현 0개 · 85자 초과 문장 0개 / 핵심 결론 1개 중 접힌 근거 1개 / 답변으로 해석을 조정하는 질문 제공 / 생활 장면을 묻는 본문 0개 · 거절 반영 False / 서로 다른 행동 1개 · 언제/확인/대안 True / 실행 카드와 마무리 함께 제공 / 이야기 순서 True · 본문 2개
R01:love:sigye:one:focus,R01,92,78,14,,경험 확인 장면,노출 전문 표현 0개 · 85자 초과 문장 0개 / 핵심 결론 2개 중 접힌 근거 2개 / 답변으로 해석을 조정하는 질문 제공 / 생활 장면을 묻는 본문 1개 · 거절 반영 False / 서로 다른 행동 4개 · 언제/확인/대안 True / 실행 카드와 마무리 함께 제공 / 이야기 순서 True · 본문 8개
R01:love:sigye:sub:focus,R01,92,78,14,,경험 확인 장면,노출 전문 표현 0개 · 85자 초과 문장 0개 / 핵심 결론 2개 중 접힌 근거 2개 / 답변으로 해석을 조정하는 질문 제공 / 생활 장면을 묻는 본문 1개 · 거절 반영 False / 서로 다른 행동 4개 · 언제/확인/대안 True / 실행 카드와 마무리 함께 제공 / 이야기 순서 True · 본문 8개
R01:love:sigye:all:focus,R01,92,78,14,,경험 확인 장면,노출 전문 표현 0개 · 85자 초과 문장 0개 / 핵심 결론 2개 중 접힌 근거 2개 / 답변으로 해석을 조정하는 질문 제공 / 생활 장면을 묻는 본문 1개 · 거절 반영 False / 서로 다른 행동 4개 · 언제/확인/대안 True / 실행 카드와 마무리 함께 제공 / 이야기 순서 True · 본문 8개
R01:love:eunbyeol:free:focus,R01,80,70,10,,경험 확인 장면 / 완결과 가져갈 것,노출 전문 표현 0개 · 85자 초과 문장 0개 / 핵심 결론 1개 중 접힌 근거 1개 / 답변으로 해석을 조정하는 질문 제공 / 생활 장면을 묻는 본문 0개 · 거절 반영 False / 서로 다른 행동 1개 · 언제/확인/대안 True / 실행 카드와 마무리 함께 제공 / 이야기 순서 True · 본문 2개
R01:love:eunbyeol:one:focus,R01,92,78,14,,경험 확인 장면,노출 전문 표현 0개 · 85자 초과 문장 0개 / 핵심 결론 2개 중 접힌 근거 2개 / 답변으로 해석을 조정하는 질문 제공 / 생활 장면을 묻는 본문 1개 · 거절 반영 False / 서로 다른 행동 4개 · 언제/확인/대안 True / 실행 카드와 마무리 함께 제공 / 이야기 순서 True · 본문 8개
R01:love:eunbyeol:sub:focus,R01,92,78,14,,경험 확인 장면,노출 전문 표현 0개 · 85자 초과 문장 0개 / 핵심 결론 2개 중 접힌 근거 2개 / 답변으로 해석을 조정하는 질문 제공 / 생활 장면을 묻는 본문 1개 · 거절 반영 False / 서로 다른 행동 4개 · 언제/확인/대안 True / 실행 카드와 마무리 함께 제공 / 이야기 순서 True · 본문 8개
R01:love:eunbyeol:all:focus,R01,92,78,14,,경험 확인 장면,노출 전문 표현 0개 · 85자 초과 문장 0개 / 핵심 결론 2개 중 접힌 근거 2개 / 답변으로 해석을 조정하는 질문 제공 / 생활 장면을 묻는 본문 1개 · 거절 반영 False / 서로 다른 행동 4개 · 언제/확인/대안 True / 실행 카드와 마무리 함께 제공 / 이야기 순서 True · 본문 8개
R01:love:jeokhyeol:free:focus,R01,80,70,10,,경험 확인 장면 / 완결과 가져갈 것,노출 전문 표현 0개 · 85자 초과 문장 0개 / 핵심 결론 1개 중 접힌 근거 1개 / 답변으로 해석을 조정하는 질문 제공 / 생활 장면을 묻는 본문 0개 · 거절 반영 False / 서로 다른 행동 1개 · 언제/확인/대안 True / 실행 카드와 마무리 함께 제공 / 이야기 순서 True · 본문 2개
R01:love:jeokhyeol:one:focus,R01,92,78,14,,경험 확인 장면,노출 전문 표현 0개 · 85자 초과 문장 0개 / 핵심 결론 2개 중 접힌 근거 2개 / 답변으로 해석을 조정하는 질문 제공 / 생활 장면을 묻는 본문 1개 · 거절 반영 False / 서로 다른 행동 4개 · 언제/확인/대안 True / 실행 카드와 마무리 함께 제공 / 이야기 순서 True · 본문 8개
R01:love:jeokhyeol:sub:focus,R01,92,78,14,,경험 확인 장면,노출 전문 표현 0개 · 85자 초과 문장 0개 / 핵심 결론 2개 중 접힌 근거 2개 / 답변으로 해석을 조정하는 질문 제공 / 생활 장면을 묻는 본문 1개 · 거절 반영 False / 서로 다른 행동 4개 · 언제/확인/대안 True / 실행 카드와 마무리 함께 제공 / 이야기 순서 True · 본문 8개
R01:love:jeokhyeol:all:focus,R01,92,78,14,,경험 확인 장면,노출 전문 표현 0개 · 85자 초과 문장 0개 / 핵심 결론 2개 중 접힌 근거 2개 / 답변으로 해석을 조정하는 질문 제공 / 생활 장면을 묻는 본문 1개 · 거절 반영 False / 서로 다른 행동 4개 · 언제/확인/대안 True / 실행 카드와 마무리 함께 제공 / 이야기 순서 True · 본문 8개
R01:love:monghwa:free:focus,R01,80,70,10,,경험 확인 장면 / 완결과 가져갈 것,노출 전문 표현 0개 · 85자 초과 문장 0개 / 핵심 결론 1개 중 접힌 근거 1개 / 답변으로 해석을 조정하는 질문 제공 / 생활 장면을 묻는 본문 0개 · 거절 반영 False / 서로 다른 행동 1개 · 언제/확인/대안 True / 실행 카드와 마무리 함께 제공 / 이야기 순서 True · 본문 2개
R01:love:monghwa:one:focus,R01,92,78,14,,경험 확인 장면,노출 전문 표현 0개 · 85자 초과 문장 0개 / 핵심 결론 2개 중 접힌 근거 2개 / 답변으로 해석을 조정하는 질문 제공 / 생활 장면을 묻는 본문 1개 · 거절 반영 False / 서로 다른 행동 4개 · 언제/확인/대안 True / 실행 카드와 마무리 함께 제공 / 이야기 순서 True · 본문 8개
R01:love:monghwa:sub:focus,R01,92,78,14,,경험 확인 장면,노출 전문 표현 0개 · 85자 초과 문장 0개 / 핵심 결론 2개 중 접힌 근거 2개 / 답변으로 해석을 조정하는 질문 제공 / 생활 장면을 묻는 본문 1개 · 거절 반영 False / 서로 다른 행동 4개 · 언제/확인/대안 True / 실행 카드와 마무리 함께 제공 / 이야기 순서 True · 본문 8개
R01:love:monghwa:all:focus,R01,92,78,14,,경험 확인 장면,노출 전문 표현 0개 · 85자 초과 문장 0개 / 핵심 결론 2개 중 접힌 근거 2개 / 답변으로 해석을 조정하는 질문 제공 / 생활 장면을 묻는 본문 1개 · 거절 반영 False / 서로 다른 행동 4개 · 언제/확인/대안 True / 실행 카드와 마무리 함께 제공 / 이야기 순서 True · 본문 8개
R01:love:seoyeok:free:focus,R01,80,70,10,,경험 확인 장면 / 완결과 가져갈 것,노출 전문 표현 0개 · 85자 초과 문장 0개 / 핵심 결론 1개 중 접힌 근거 1개 / 답변으로 해석을 조정하는 질문 제공 / 생활 장면을 묻는 본문 0개 · 거절 반영 False / 서로 다른 행동 1개 · 언제/확인/대안 True / 실행 카드와 마무리 함께 제공 / 이야기 순서 True · 본문 2개
R01:love:seoyeok:one:focus,R01,92,78,14,,경험 확인 장면,노출 전문 표현 0개 · 85자 초과 문장 0개 / 핵심 결론 2개 중 접힌 근거 2개 / 답변으로 해석을 조정하는 질문 제공 / 생활 장면을 묻는 본문 1개 · 거절 반영 False / 서로 다른 행동 4개 · 언제/확인/대안 True / 실행 카드와 마무리 함께 제공 / 이야기 순서 True · 본문 8개
R01:love:seoyeok:sub:focus,R01,92,78,14,,경험 확인 장면,노출 전문 표현 0개 · 85자 초과 문장 0개 / 핵심 결론 2개 중 접힌 근거 2개 / 답변으로 해석을 조정하는 질문 제공 / 생활 장면을 묻는 본문 1개 · 거절 반영 False / 서로 다른 행동 4개 · 언제/확인/대안 True / 실행 카드와 마무리 함께 제공 / 이야기 순서 True · 본문 8개
R01:love:seoyeok:all:focus,R01,92,78,14,,경험 확인 장면,노출 전문 표현 0개 · 85자 초과 문장 0개 / 핵심 결론 2개 중 접힌 근거 2개 / 답변으로 해석을 조정하는 질문 제공 / 생활 장면을 묻는 본문 1개 · 거절 반영 False / 서로 다른 행동 4개 · 언제/확인/대안 True / 실행 카드와 마무리 함께 제공 / 이야기 순서 True · 본문 8개
R01:love:paeseon:free:focus,R01,80,70,10,,경험 확인 장면 / 완결과 가져갈 것,노출 전문 표현 0개 · 85자 초과 문장 0개 / 핵심 결론 1개 중 접힌 근거 1개 / 답변으로 해석을 조정하는 질문 제공 / 생활 장면을 묻는 본문 0개 · 거절 반영 False / 서로 다른 행동 1개 · 언제/확인/대안 True / 실행 카드와 마무리 함께 제공 / 이야기 순서 True · 본문 2개
R01:love:paeseon:one:focus,R01,92,78,14,,경험 확인 장면,노출 전문 표현 0개 · 85자 초과 문장 0개 / 핵심 결론 2개 중 접힌 근거 2개 / 답변으로 해석을 조정하는 질문 제공 / 생활 장면을 묻는 본문 1개 · 거절 반영 False / 서로 다른 행동 4개 · 언제/확인/대안 True / 실행 카드와 마무리 함께 제공 / 이야기 순서 True · 본문 8개
R01:love:paeseon:sub:focus,R01,92,78,14,,경험 확인 장면,노출 전문 표현 0개 · 85자 초과 문장 0개 / 핵심 결론 2개 중 접힌 근거 2개 / 답변으로 해석을 조정하는 질문 제공 / 생활 장면을 묻는 본문 1개 · 거절 반영 False / 서로 다른 행동 4개 · 언제/확인/대안 True / 실행 카드와 마무리 함께 제공 / 이야기 순서 True · 본문 8개
R01:love:paeseon:all:focus,R01,92,78,14,,경험 확인 장면,노출 전문 표현 0개 · 85자 초과 문장 0개 / 핵심 결론 2개 중 접힌 근거 2개 / 답변으로 해석을 조정하는 질문 제공 / 생활 장면을 묻는 본문 1개 · 거절 반영 False / 서로 다른 행동 4개 · 언제/확인/대안 True / 실행 카드와 마무리 함께 제공 / 이야기 순서 True · 본문 8개
R01:love:myeonsang:free:focus,R01,80,70,10,,경험 확인 장면 / 완결과 가져갈 것,노출 전문 표현 0개 · 85자 초과 문장 0개 / 핵심 결론 1개 중 접힌 근거 1개 / 답변으로 해석을 조정하는 질문 제공 / 생활 장면을 묻는 본문 0개 · 거절 반영 False / 서로 다른 행동 1개 · 언제/확인/대안 True / 실행 카드와 마무리 함께 제공 / 이야기 순서 True · 본문 2개
R01:love:myeonsang:one:focus,R01,92,78,14,,경험 확인 장면,노출 전문 표현 0개 · 85자 초과 문장 0개 / 핵심 결론 2개 중 접힌 근거 2개 / 답변으로 해석을 조정하는 질문 제공 / 생활 장면을 묻는 본문 1개 · 거절 반영 False / 서로 다른 행동 4개 · 언제/확인/대안 True / 실행 카드와 마무리 함께 제공 / 이야기 순서 True · 본문 8개
R01:love:myeonsang:sub:focus,R01,92,78,14,,경험 확인 장면,노출 전문 표현 0개 · 85자 초과 문장 0개 / 핵심 결론 2개 중 접힌 근거 2개 / 답변으로 해석을 조정하는 질문 제공 / 생활 장면을 묻는 본문 1개 · 거절 반영 False / 서로 다른 행동 4개 · 언제/확인/대안 True / 실행 카드와 마무리 함께 제공 / 이야기 순서 True · 본문 8개
R01:love:myeonsang:all:focus,R01,92,78,14,,경험 확인 장면,노출 전문 표현 0개 · 85자 초과 문장 0개 / 핵심 결론 2개 중 접힌 근거 2개 / 답변으로 해석을 조정하는 질문 제공 / 생활 장면을 묻는 본문 1개 · 거절 반영 False / 서로 다른 행동 4개 · 언제/확인/대안 True / 실행 카드와 마무리 함께 제공 / 이야기 순서 True · 본문 8개
R01:love:wolha:free:focus,R01,80,70,10,,경험 확인 장면 / 완결과 가져갈 것,노출 전문 표현 0개 · 85자 초과 문장 0개 / 핵심 결론 1개 중 접힌 근거 1개 / 답변으로 해석을 조정하는 질문 제공 / 생활 장면을 묻는 본문 0개 · 거절 반영 False / 서로 다른 행동 1개 · 언제/확인/대안 True / 실행 카드와 마무리 함께 제공 / 이야기 순서 True · 본문 2개
R01:love:wolha:one:focus,R01,92,78,14,,경험 확인 장면,노출 전문 표현 0개 · 85자 초과 문장 0개 / 핵심 결론 2개 중 접힌 근거 2개 / 답변으로 해석을 조정하는 질문 제공 / 생활 장면을 묻는 본문 1개 · 거절 반영 False / 서로 다른 행동 4개 · 언제/확인/대안 True / 실행 카드와 마무리 함께 제공 / 이야기 순서 True · 본문 8개
R01:love:wolha:sub:focus,R01,92,78,14,,경험 확인 장면,노출 전문 표현 0개 · 85자 초과 문장 0개 / 핵심 결론 2개 중 접힌 근거 2개 / 답변으로 해석을 조정하는 질문 제공 / 생활 장면을 묻는 본문 1개 · 거절 반영 False / 서로 다른 행동 4개 · 언제/확인/대안 True / 실행 카드와 마무리 함께 제공 / 이야기 순서 True · 본문 8개
R01:love:wolha:all:focus,R01,92,78,14,,경험 확인 장면,노출 전문 표현 0개 · 85자 초과 문장 0개 / 핵심 결론 2개 중 접힌 근거 2개 / 답변으로 해석을 조정하는 질문 제공 / 생활 장면을 묻는 본문 1개 · 거절 반영 False / 서로 다른 행동 4개 · 언제/확인/대안 True / 실행 카드와 마무리 함께 제공 / 이야기 순서 True · 본문 8개
R01:love:hongmae:free:focus,R01,80,70,10,,경험 확인 장면 / 완결과 가져갈 것,노출 전문 표현 0개 · 85자 초과 문장 0개 / 핵심 결론 1개 중 접힌 근거 1개 / 답변으로 해석을 조정하는 질문 제공 / 생활 장면을 묻는 본문 0개 · 거절 반영 False / 서로 다른 행동 1개 · 언제/확인/대안 True / 실행 카드와 마무리 함께 제공 / 이야기 순서 True · 본문 2개
R01:love:hongmae:one:focus,R01,92,78,14,,경험 확인 장면,노출 전문 표현 0개 · 85자 초과 문장 0개 / 핵심 결론 2개 중 접힌 근거 2개 / 답변으로 해석을 조정하는 질문 제공 / 생활 장면을 묻는 본문 1개 · 거절 반영 False / 서로 다른 행동 4개 · 언제/확인/대안 True / 실행 카드와 마무리 함께 제공 / 이야기 순서 True · 본문 8개
R01:love:hongmae:sub:focus,R01,92,78,14,,경험 확인 장면,노출 전문 표현 0개 · 85자 초과 문장 0개 / 핵심 결론 2개 중 접힌 근거 2개 / 답변으로 해석을 조정하는 질문 제공 / 생활 장면을 묻는 본문 1개 · 거절 반영 False / 서로 다른 행동 4개 · 언제/확인/대안 True / 실행 카드와 마무리 함께 제공 / 이야기 순서 True · 본문 8개
R01:love:hongmae:all:focus,R01,92,78,14,,경험 확인 장면,노출 전문 표현 0개 · 85자 초과 문장 0개 / 핵심 결론 2개 중 접힌 근거 2개 / 답변으로 해석을 조정하는 질문 제공 / 생활 장면을 묻는 본문 1개 · 거절 반영 False / 서로 다른 행동 4개 · 언제/확인/대안 True / 실행 카드와 마무리 함께 제공 / 이야기 순서 True · 본문 8개
R01:love:yeondam:free:focus,R01,80,70,10,,경험 확인 장면 / 완결과 가져갈 것,노출 전문 표현 0개 · 85자 초과 문장 0개 / 핵심 결론 1개 중 접힌 근거 1개 / 답변으로 해석을 조정하는 질문 제공 / 생활 장면을 묻는 본문 0개 · 거절 반영 False / 서로 다른 행동 1개 · 언제/확인/대안 True / 실행 카드와 마무리 함께 제공 / 이야기 순서 True · 본문 2개
R01:love:yeondam:one:focus,R01,92,78,14,,경험 확인 장면,노출 전문 표현 0개 · 85자 초과 문장 0개 / 핵심 결론 2개 중 접힌 근거 2개 / 답변으로 해석을 조정하는 질문 제공 / 생활 장면을 묻는 본문 1개 · 거절 반영 False / 서로 다른 행동 4개 · 언제/확인/대안 True / 실행 카드와 마무리 함께 제공 / 이야기 순서 True · 본문 8개
R01:love:yeondam:sub:focus,R01,92,78,14,,경험 확인 장면,노출 전문 표현 0개 · 85자 초과 문장 0개 / 핵심 결론 2개 중 접힌 근거 2개 / 답변으로 해석을 조정하는 질문 제공 / 생활 장면을 묻는 본문 1개 · 거절 반영 False / 서로 다른 행동 4개 · 언제/확인/대안 True / 실행 카드와 마무리 함께 제공 / 이야기 순서 True · 본문 8개
R01:love:yeondam:all:focus,R01,92,78,14,,경험 확인 장면,노출 전문 표현 0개 · 85자 초과 문장 0개 / 핵심 결론 2개 중 접힌 근거 2개 / 답변으로 해석을 조정하는 질문 제공 / 생활 장면을 묻는 본문 1개 · 거절 반영 False / 서로 다른 행동 4개 · 언제/확인/대안 True / 실행 카드와 마무리 함께 제공 / 이야기 순서 True · 본문 8개
R01:love:hwagyeong:free:focus,R01,80,70,10,,경험 확인 장면 / 완결과 가져갈 것,노출 전문 표현 0개 · 85자 초과 문장 0개 / 핵심 결론 1개 중 접힌 근거 1개 / 답변으로 해석을 조정하는 질문 제공 / 생활 장면을 묻는 본문 0개 · 거절 반영 False / 서로 다른 행동 1개 · 언제/확인/대안 True / 실행 카드와 마무리 함께 제공 / 이야기 순서 True · 본문 2개
R01:love:hwagyeong:one:focus,R01,92,78,14,,경험 확인 장면,노출 전문 표현 0개 · 85자 초과 문장 0개 / 핵심 결론 2개 중 접힌 근거 2개 / 답변으로 해석을 조정하는 질문 제공 / 생활 장면을 묻는 본문 1개 · 거절 반영 False / 서로 다른 행동 4개 · 언제/확인/대안 True / 실행 카드와 마무리 함께 제공 / 이야기 순서 True · 본문 8개
R01:love:hwagyeong:sub:focus,R01,92,78,14,,경험 확인 장면,노출 전문 표현 0개 · 85자 초과 문장 0개 / 핵심 결론 2개 중 접힌 근거 2개 / 답변으로 해석을 조정하는 질문 제공 / 생활 장면을 묻는 본문 1개 · 거절 반영 False / 서로 다른 행동 4개 · 언제/확인/대안 True / 실행 카드와 마무리 함께 제공 / 이야기 순서 True · 본문 8개
R01:love:hwagyeong:all:focus,R01,92,78,14,,경험 확인 장면,노출 전문 표현 0개 · 85자 초과 문장 0개 / 핵심 결론 2개 중 접힌 근거 2개 / 답변으로 해석을 조정하는 질문 제공 / 생활 장면을 묻는 본문 1개 · 거절 반영 False / 서로 다른 행동 4개 · 언제/확인/대안 True / 실행 카드와 마무리 함께 제공 / 이야기 순서 True · 본문 8개
R01:love:haengsu:free:focus,R01,80,70,10,,경험 확인 장면 / 완결과 가져갈 것,노출 전문 표현 0개 · 85자 초과 문장 0개 / 핵심 결론 1개 중 접힌 근거 1개 / 답변으로 해석을 조정하는 질문 제공 / 생활 장면을 묻는 본문 0개 · 거절 반영 False / 서로 다른 행동 1개 · 언제/확인/대안 True / 실행 카드와 마무리 함께 제공 / 이야기 순서 True · 본문 2개
R01:love:haengsu:one:focus,R01,92,78,14,,경험 확인 장면,노출 전문 표현 0개 · 85자 초과 문장 0개 / 핵심 결론 2개 중 접힌 근거 2개 / 답변으로 해석을 조정하는 질문 제공 / 생활 장면을 묻는 본문 1개 · 거절 반영 False / 서로 다른 행동 4개 · 언제/확인/대안 True / 실행 카드와 마무리 함께 제공 / 이야기 순서 True · 본문 8개
R01:love:haengsu:sub:focus,R01,92,78,14,,경험 확인 장면,노출 전문 표현 0개 · 85자 초과 문장 0개 / 핵심 결론 2개 중 접힌 근거 2개 / 답변으로 해석을 조정하는 질문 제공 / 생활 장면을 묻는 본문 1개 · 거절 반영 False / 서로 다른 행동 4개 · 언제/확인/대안 True / 실행 카드와 마무리 함께 제공 / 이야기 순서 True · 본문 8개
R01:love:haengsu:all:focus,R01,92,78,14,,경험 확인 장면,노출 전문 표현 0개 · 85자 초과 문장 0개 / 핵심 결론 2개 중 접힌 근거 2개 / 답변으로 해석을 조정하는 질문 제공 / 생활 장면을 묻는 본문 1개 · 거절 반영 False / 서로 다른 행동 4개 · 언제/확인/대안 True / 실행 카드와 마무리 함께 제공 / 이야기 순서 True · 본문 8개
R01:love:hunjang:free:focus,R01,80,70,10,,경험 확인 장면 / 완결과 가져갈 것,노출 전문 표현 0개 · 85자 초과 문장 0개 / 핵심 결론 1개 중 접힌 근거 1개 / 답변으로 해석을 조정하는 질문 제공 / 생활 장면을 묻는 본문 0개 · 거절 반영 False / 서로 다른 행동 1개 · 언제/확인/대안 True / 실행 카드와 마무리 함께 제공 / 이야기 순서 True · 본문 2개
R01:love:hunjang:one:focus,R01,92,78,14,,경험 확인 장면,노출 전문 표현 0개 · 85자 초과 문장 0개 / 핵심 결론 2개 중 접힌 근거 2개 / 답변으로 해석을 조정하는 질문 제공 / 생활 장면을 묻는 본문 1개 · 거절 반영 False / 서로 다른 행동 4개 · 언제/확인/대안 True / 실행 카드와 마무리 함께 제공 / 이야기 순서 True · 본문 8개
R01:love:hunjang:sub:focus,R01,92,78,14,,경험 확인 장면,노출 전문 표현 0개 · 85자 초과 문장 0개 / 핵심 결론 2개 중 접힌 근거 2개 / 답변으로 해석을 조정하는 질문 제공 / 생활 장면을 묻는 본문 1개 · 거절 반영 False / 서로 다른 행동 4개 · 언제/확인/대안 True / 실행 카드와 마무리 함께 제공 / 이야기 순서 True · 본문 8개
R01:love:hunjang:all:focus,R01,92,78,14,,경험 확인 장면,노출 전문 표현 0개 · 85자 초과 문장 0개 / 핵심 결론 2개 중 접힌 근거 2개 / 답변으로 해석을 조정하는 질문 제공 / 생활 장면을 묻는 본문 1개 · 거절 반영 False / 서로 다른 행동 4개 · 언제/확인/대안 True / 실행 카드와 마무리 함께 제공 / 이야기 순서 True · 본문 8개
R01:love:yakcho:free:focus,R01,80,70,10,,경험 확인 장면 / 완결과 가져갈 것,노출 전문 표현 0개 · 85자 초과 문장 0개 / 핵심 결론 1개 중 접힌 근거 1개 / 답변으로 해석을 조정하는 질문 제공 / 생활 장면을 묻는 본문 0개 · 거절 반영 False / 서로 다른 행동 1개 · 언제/확인/대안 True / 실행 카드와 마무리 함께 제공 / 이야기 순서 True · 본문 2개
R01:love:yakcho:one:focus,R01,92,78,14,,경험 확인 장면,노출 전문 표현 0개 · 85자 초과 문장 0개 / 핵심 결론 2개 중 접힌 근거 2개 / 답변으로 해석을 조정하는 질문 제공 / 생활 장면을 묻는 본문 1개 · 거절 반영 False / 서로 다른 행동 4개 · 언제/확인/대안 True / 실행 카드와 마무리 함께 제공 / 이야기 순서 True · 본문 8개
R01:love:yakcho:sub:focus,R01,92,78,14,,경험 확인 장면,노출 전문 표현 0개 · 85자 초과 문장 0개 / 핵심 결론 2개 중 접힌 근거 2개 / 답변으로 해석을 조정하는 질문 제공 / 생활 장면을 묻는 본문 1개 · 거절 반영 False / 서로 다른 행동 4개 · 언제/확인/대안 True / 실행 카드와 마무리 함께 제공 / 이야기 순서 True · 본문 8개
R01:love:yakcho:all:focus,R01,92,78,14,,경험 확인 장면,노출 전문 표현 0개 · 85자 초과 문장 0개 / 핵심 결론 2개 중 접힌 근거 2개 / 답변으로 해석을 조정하는 질문 제공 / 생활 장면을 묻는 본문 1개 · 거절 반영 False / 서로 다른 행동 4개 · 언제/확인/대안 True / 실행 카드와 마무리 함께 제공 / 이야기 순서 True · 본문 8개
R01:love:ilgwan:free:focus,R01,80,70,10,,경험 확인 장면 / 완결과 가져갈 것,노출 전문 표현 0개 · 85자 초과 문장 0개 / 핵심 결론 1개 중 접힌 근거 1개 / 답변으로 해석을 조정하는 질문 제공 / 생활 장면을 묻는 본문 0개 · 거절 반영 False / 서로 다른 행동 1개 · 언제/확인/대안 True / 실행 카드와 마무리 함께 제공 / 이야기 순서 True · 본문 2개
R01:love:ilgwan:one:focus,R01,92,78,14,,경험 확인 장면,노출 전문 표현 0개 · 85자 초과 문장 0개 / 핵심 결론 2개 중 접힌 근거 2개 / 답변으로 해석을 조정하는 질문 제공 / 생활 장면을 묻는 본문 1개 · 거절 반영 False / 서로 다른 행동 4개 · 언제/확인/대안 True / 실행 카드와 마무리 함께 제공 / 이야기 순서 True · 본문 8개
R01:love:ilgwan:sub:focus,R01,92,78,14,,경험 확인 장면,노출 전문 표현 0개 · 85자 초과 문장 0개 / 핵심 결론 2개 중 접힌 근거 2개 / 답변으로 해석을 조정하는 질문 제공 / 생활 장면을 묻는 본문 1개 · 거절 반영 False / 서로 다른 행동 4개 · 언제/확인/대안 True / 실행 카드와 마무리 함께 제공 / 이야기 순서 True · 본문 8개
R01:love:ilgwan:all:focus,R01,92,78,14,,경험 확인 장면,노출 전문 표현 0개 · 85자 초과 문장 0개 / 핵심 결론 2개 중 접힌 근거 2개 / 답변으로 해석을 조정하는 질문 제공 / 생활 장면을 묻는 본문 1개 · 거절 반영 False / 서로 다른 행동 4개 · 언제/확인/대안 True / 실행 카드와 마무리 함께 제공 / 이야기 순서 True · 본문 8개
R01:love:nopa:free:focus,R01,80,70,10,,경험 확인 장면 / 완결과 가져갈 것,노출 전문 표현 0개 · 85자 초과 문장 0개 / 핵심 결론 1개 중 접힌 근거 1개 / 답변으로 해석을 조정하는 질문 제공 / 생활 장면을 묻는 본문 0개 · 거절 반영 False / 서로 다른 행동 1개 · 언제/확인/대안 True / 실행 카드와 마무리 함께 제공 / 이야기 순서 True · 본문 2개
R01:love:nopa:one:focus,R01,92,78,14,,경험 확인 장면,노출 전문 표현 0개 · 85자 초과 문장 0개 / 핵심 결론 2개 중 접힌 근거 2개 / 답변으로 해석을 조정하는 질문 제공 / 생활 장면을 묻는 본문 1개 · 거절 반영 False / 서로 다른 행동 4개 · 언제/확인/대안 True / 실행 카드와 마무리 함께 제공 / 이야기 순서 True · 본문 8개
R01:love:nopa:sub:focus,R01,92,78,14,,경험 확인 장면,노출 전문 표현 0개 · 85자 초과 문장 0개 / 핵심 결론 2개 중 접힌 근거 2개 / 답변으로 해석을 조정하는 질문 제공 / 생활 장면을 묻는 본문 1개 · 거절 반영 False / 서로 다른 행동 4개 · 언제/확인/대안 True / 실행 카드와 마무리 함께 제공 / 이야기 순서 True · 본문 8개
R01:love:nopa:all:focus,R01,92,78,14,,경험 확인 장면,노출 전문 표현 0개 · 85자 초과 문장 0개 / 핵심 결론 2개 중 접힌 근거 2개 / 답변으로 해석을 조정하는 질문 제공 / 생활 장면을 묻는 본문 1개 · 거절 반영 False / 서로 다른 행동 4개 · 언제/확인/대안 True / 실행 카드와 마무리 함께 제공 / 이야기 순서 True · 본문 8개
R01:love:dongja:free:focus,R01,80,70,10,,경험 확인 장면 / 완결과 가져갈 것,노출 전문 표현 0개 · 85자 초과 문장 0개 / 핵심 결론 1개 중 접힌 근거 1개 / 답변으로 해석을 조정하는 질문 제공 / 생활 장면을 묻는 본문 0개 · 거절 반영 False / 서로 다른 행동 1개 · 언제/확인/대안 True / 실행 카드와 마무리 함께 제공 / 이야기 순서 True · 본문 2개
R01:love:dongja:one:focus,R01,92,78,14,,경험 확인 장면,노출 전문 표현 0개 · 85자 초과 문장 0개 / 핵심 결론 2개 중 접힌 근거 2개 / 답변으로 해석을 조정하는 질문 제공 / 생활 장면을 묻는 본문 1개 · 거절 반영 False / 서로 다른 행동 4개 · 언제/확인/대안 True / 실행 카드와 마무리 함께 제공 / 이야기 순서 True · 본문 8개
R01:love:dongja:sub:focus,R01,92,78,14,,경험 확인 장면,노출 전문 표현 0개 · 85자 초과 문장 0개 / 핵심 결론 2개 중 접힌 근거 2개 / 답변으로 해석을 조정하는 질문 제공 / 생활 장면을 묻는 본문 1개 · 거절 반영 False / 서로 다른 행동 4개 · 언제/확인/대안 True / 실행 카드와 마무리 함께 제공 / 이야기 순서 True · 본문 8개
R01:love:dongja:all:focus,R01,92,78,14,,경험 확인 장면,노출 전문 표현 0개 · 85자 초과 문장 0개 / 핵심 결론 2개 중 접힌 근거 2개 / 답변으로 해석을 조정하는 질문 제공 / 생활 장면을 묻는 본문 1개 · 거절 반영 False / 서로 다른 행동 4개 · 언제/확인/대안 True / 실행 카드와 마무리 함께 제공 / 이야기 순서 True · 본문 8개
R01:people:pungun:all:book,R01,100,85,15,,,노출 전문 표현 0개 · 85자 초과 문장 0개 / 핵심 결론 2개 중 접힌 근거 2개 / 답변으로 해석을 조정하는 질문 제공 / 생활 장면을 묻는 본문 6개 · 거절 반영 False / 서로 다른 행동 9개 · 언제/확인/대안 True / 실행 카드와 마무리 함께 제공 / 이야기 순서 True · 본문 13개
R01:people:pungun:free:focus,R01,80,70,10,,경험 확인 장면 / 완결과 가져갈 것,노출 전문 표현 0개 · 85자 초과 문장 0개 / 핵심 결론 1개 중 접힌 근거 1개 / 답변으로 해석을 조정하는 질문 제공 / 생활 장면을 묻는 본문 0개 · 거절 반영 False / 서로 다른 행동 1개 · 언제/확인/대안 True / 실행 카드와 마무리 함께 제공 / 이야기 순서 True · 본문 2개
R01:people:pungun:one:focus,R01,92,78,14,,경험 확인 장면,노출 전문 표현 0개 · 85자 초과 문장 0개 / 핵심 결론 2개 중 접힌 근거 2개 / 답변으로 해석을 조정하는 질문 제공 / 생활 장면을 묻는 본문 1개 · 거절 반영 False / 서로 다른 행동 4개 · 언제/확인/대안 True / 실행 카드와 마무리 함께 제공 / 이야기 순서 True · 본문 8개
R01:people:pungun:sub:focus,R01,92,78,14,,경험 확인 장면,노출 전문 표현 0개 · 85자 초과 문장 0개 / 핵심 결론 2개 중 접힌 근거 2개 / 답변으로 해석을 조정하는 질문 제공 / 생활 장면을 묻는 본문 1개 · 거절 반영 False / 서로 다른 행동 4개 · 언제/확인/대안 True / 실행 카드와 마무리 함께 제공 / 이야기 순서 True · 본문 8개
R01:people:pungun:all:focus,R01,92,78,14,,경험 확인 장면,노출 전문 표현 0개 · 85자 초과 문장 0개 / 핵심 결론 2개 중 접힌 근거 2개 / 답변으로 해석을 조정하는 질문 제공 / 생활 장면을 묻는 본문 1개 · 거절 반영 False / 서로 다른 행동 4개 · 언제/확인/대안 True / 실행 카드와 마무리 함께 제공 / 이야기 순서 True · 본문 8개
R01:people:baegun:free:focus,R01,80,70,10,,경험 확인 장면 / 완결과 가져갈 것,노출 전문 표현 0개 · 85자 초과 문장 0개 / 핵심 결론 1개 중 접힌 근거 1개 / 답변으로 해석을 조정하는 질문 제공 / 생활 장면을 묻는 본문 0개 · 거절 반영 False / 서로 다른 행동 1개 · 언제/확인/대안 True / 실행 카드와 마무리 함께 제공 / 이야기 순서 True · 본문 2개
R01:people:baegun:one:focus,R01,92,78,14,,경험 확인 장면,노출 전문 표현 0개 · 85자 초과 문장 0개 / 핵심 결론 2개 중 접힌 근거 2개 / 답변으로 해석을 조정하는 질문 제공 / 생활 장면을 묻는 본문 1개 · 거절 반영 False / 서로 다른 행동 4개 · 언제/확인/대안 True / 실행 카드와 마무리 함께 제공 / 이야기 순서 True · 본문 8개
R01:people:baegun:sub:focus,R01,92,78,14,,경험 확인 장면,노출 전문 표현 0개 · 85자 초과 문장 0개 / 핵심 결론 2개 중 접힌 근거 2개 / 답변으로 해석을 조정하는 질문 제공 / 생활 장면을 묻는 본문 1개 · 거절 반영 False / 서로 다른 행동 4개 · 언제/확인/대안 True / 실행 카드와 마무리 함께 제공 / 이야기 순서 True · 본문 8개
R01:people:baegun:all:focus,R01,92,78,14,,경험 확인 장면,노출 전문 표현 0개 · 85자 초과 문장 0개 / 핵심 결론 2개 중 접힌 근거 2개 / 답변으로 해석을 조정하는 질문 제공 / 생활 장면을 묻는 본문 1개 · 거절 반영 False / 서로 다른 행동 4개 · 언제/확인/대안 True / 실행 카드와 마무리 함께 제공 / 이야기 순서 True · 본문 8개
R01:people:cheongam:free:focus,R01,80,70,10,,경험 확인 장면 / 완결과 가져갈 것,노출 전문 표현 0개 · 85자 초과 문장 0개 / 핵심 결론 1개 중 접힌 근거 1개 / 답변으로 해석을 조정하는 질문 제공 / 생활 장면을 묻는 본문 0개 · 거절 반영 False / 서로 다른 행동 1개 · 언제/확인/대안 True / 실행 카드와 마무리 함께 제공 / 이야기 순서 True · 본문 2개
R01:people:cheongam:one:focus,R01,92,78,14,,경험 확인 장면,노출 전문 표현 0개 · 85자 초과 문장 0개 / 핵심 결론 2개 중 접힌 근거 2개 / 답변으로 해석을 조정하는 질문 제공 / 생활 장면을 묻는 본문 1개 · 거절 반영 False / 서로 다른 행동 4개 · 언제/확인/대안 True / 실행 카드와 마무리 함께 제공 / 이야기 순서 True · 본문 8개
R01:people:cheongam:sub:focus,R01,92,78,14,,경험 확인 장면,노출 전문 표현 0개 · 85자 초과 문장 0개 / 핵심 결론 2개 중 접힌 근거 2개 / 답변으로 해석을 조정하는 질문 제공 / 생활 장면을 묻는 본문 1개 · 거절 반영 False / 서로 다른 행동 4개 · 언제/확인/대안 True / 실행 카드와 마무리 함께 제공 / 이야기 순서 True · 본문 8개
R01:people:cheongam:all:focus,R01,92,78,14,,경험 확인 장면,노출 전문 표현 0개 · 85자 초과 문장 0개 / 핵심 결론 2개 중 접힌 근거 2개 / 답변으로 해석을 조정하는 질문 제공 / 생활 장면을 묻는 본문 1개 · 거절 반영 False / 서로 다른 행동 4개 · 언제/확인/대안 True / 실행 카드와 마무리 함께 제공 / 이야기 순서 True · 본문 8개
R01:people:sigye:free:focus,R01,80,70,10,,경험 확인 장면 / 완결과 가져갈 것,노출 전문 표현 0개 · 85자 초과 문장 0개 / 핵심 결론 1개 중 접힌 근거 1개 / 답변으로 해석을 조정하는 질문 제공 / 생활 장면을 묻는 본문 0개 · 거절 반영 False / 서로 다른 행동 1개 · 언제/확인/대안 True / 실행 카드와 마무리 함께 제공 / 이야기 순서 True · 본문 2개
R01:people:sigye:one:focus,R01,92,78,14,,경험 확인 장면,노출 전문 표현 0개 · 85자 초과 문장 0개 / 핵심 결론 2개 중 접힌 근거 2개 / 답변으로 해석을 조정하는 질문 제공 / 생활 장면을 묻는 본문 1개 · 거절 반영 False / 서로 다른 행동 4개 · 언제/확인/대안 True / 실행 카드와 마무리 함께 제공 / 이야기 순서 True · 본문 8개
R01:people:sigye:sub:focus,R01,92,78,14,,경험 확인 장면,노출 전문 표현 0개 · 85자 초과 문장 0개 / 핵심 결론 2개 중 접힌 근거 2개 / 답변으로 해석을 조정하는 질문 제공 / 생활 장면을 묻는 본문 1개 · 거절 반영 False / 서로 다른 행동 4개 · 언제/확인/대안 True / 실행 카드와 마무리 함께 제공 / 이야기 순서 True · 본문 8개
R01:people:sigye:all:focus,R01,92,78,14,,경험 확인 장면,노출 전문 표현 0개 · 85자 초과 문장 0개 / 핵심 결론 2개 중 접힌 근거 2개 / 답변으로 해석을 조정하는 질문 제공 / 생활 장면을 묻는 본문 1개 · 거절 반영 False / 서로 다른 행동 4개 · 언제/확인/대안 True / 실행 카드와 마무리 함께 제공 / 이야기 순서 True · 본문 8개
R01:people:eunbyeol:free:focus,R01,80,70,10,,경험 확인 장면 / 완결과 가져갈 것,노출 전문 표현 0개 · 85자 초과 문장 0개 / 핵심 결론 1개 중 접힌 근거 1개 / 답변으로 해석을 조정하는 질문 제공 / 생활 장면을 묻는 본문 0개 · 거절 반영 False / 서로 다른 행동 1개 · 언제/확인/대안 True / 실행 카드와 마무리 함께 제공 / 이야기 순서 True · 본문 2개
R01:people:eunbyeol:one:focus,R01,92,78,14,,경험 확인 장면,노출 전문 표현 0개 · 85자 초과 문장 0개 / 핵심 결론 2개 중 접힌 근거 2개 / 답변으로 해석을 조정하는 질문 제공 / 생활 장면을 묻는 본문 1개 · 거절 반영 False / 서로 다른 행동 4개 · 언제/확인/대안 True / 실행 카드와 마무리 함께 제공 / 이야기 순서 True · 본문 8개
R01:people:eunbyeol:sub:focus,R01,92,78,14,,경험 확인 장면,노출 전문 표현 0개 · 85자 초과 문장 0개 / 핵심 결론 2개 중 접힌 근거 2개 / 답변으로 해석을 조정하는 질문 제공 / 생활 장면을 묻는 본문 1개 · 거절 반영 False / 서로 다른 행동 4개 · 언제/확인/대안 True / 실행 카드와 마무리 함께 제공 / 이야기 순서 True · 본문 8개
R01:people:eunbyeol:all:focus,R01,92,78,14,,경험 확인 장면,노출 전문 표현 0개 · 85자 초과 문장 0개 / 핵심 결론 2개 중 접힌 근거 2개 / 답변으로 해석을 조정하는 질문 제공 / 생활 장면을 묻는 본문 1개 · 거절 반영 False / 서로 다른 행동 4개 · 언제/확인/대안 True / 실행 카드와 마무리 함께 제공 / 이야기 순서 True · 본문 8개
R01:people:jeokhyeol:free:focus,R01,80,70,10,,경험 확인 장면 / 완결과 가져갈 것,노출 전문 표현 0개 · 85자 초과 문장 0개 / 핵심 결론 1개 중 접힌 근거 1개 / 답변으로 해석을 조정하는 질문 제공 / 생활 장면을 묻는 본문 0개 · 거절 반영 False / 서로 다른 행동 1개 · 언제/확인/대안 True / 실행 카드와 마무리 함께 제공 / 이야기 순서 True · 본문 2개
R01:people:jeokhyeol:one:focus,R01,92,78,14,,경험 확인 장면,노출 전문 표현 0개 · 85자 초과 문장 0개 / 핵심 결론 2개 중 접힌 근거 2개 / 답변으로 해석을 조정하는 질문 제공 / 생활 장면을 묻는 본문 1개 · 거절 반영 False / 서로 다른 행동 4개 · 언제/확인/대안 True / 실행 카드와 마무리 함께 제공 / 이야기 순서 True · 본문 8개
R01:people:jeokhyeol:sub:focus,R01,92,78,14,,경험 확인 장면,노출 전문 표현 0개 · 85자 초과 문장 0개 / 핵심 결론 2개 중 접힌 근거 2개 / 답변으로 해석을 조정하는 질문 제공 / 생활 장면을 묻는 본문 1개 · 거절 반영 False / 서로 다른 행동 4개 · 언제/확인/대안 True / 실행 카드와 마무리 함께 제공 / 이야기 순서 True · 본문 8개
R01:people:jeokhyeol:all:focus,R01,92,78,14,,경험 확인 장면,노출 전문 표현 0개 · 85자 초과 문장 0개 / 핵심 결론 2개 중 접힌 근거 2개 / 답변으로 해석을 조정하는 질문 제공 / 생활 장면을 묻는 본문 1개 · 거절 반영 False / 서로 다른 행동 4개 · 언제/확인/대안 True / 실행 카드와 마무리 함께 제공 / 이야기 순서 True · 본문 8개
R01:people:monghwa:free:focus,R01,80,70,10,,경험 확인 장면 / 완결과 가져갈 것,노출 전문 표현 0개 · 85자 초과 문장 0개 / 핵심 결론 1개 중 접힌 근거 1개 / 답변으로 해석을 조정하는 질문 제공 / 생활 장면을 묻는 본문 0개 · 거절 반영 False / 서로 다른 행동 1개 · 언제/확인/대안 True / 실행 카드와 마무리 함께 제공 / 이야기 순서 True · 본문 2개
R01:people:monghwa:one:focus,R01,92,78,14,,경험 확인 장면,노출 전문 표현 0개 · 85자 초과 문장 0개 / 핵심 결론 2개 중 접힌 근거 2개 / 답변으로 해석을 조정하는 질문 제공 / 생활 장면을 묻는 본문 1개 · 거절 반영 False / 서로 다른 행동 4개 · 언제/확인/대안 True / 실행 카드와 마무리 함께 제공 / 이야기 순서 True · 본문 8개
R01:people:monghwa:sub:focus,R01,92,78,14,,경험 확인 장면,노출 전문 표현 0개 · 85자 초과 문장 0개 / 핵심 결론 2개 중 접힌 근거 2개 / 답변으로 해석을 조정하는 질문 제공 / 생활 장면을 묻는 본문 1개 · 거절 반영 False / 서로 다른 행동 4개 · 언제/확인/대안 True / 실행 카드와 마무리 함께 제공 / 이야기 순서 True · 본문 8개
R01:people:monghwa:all:focus,R01,92,78,14,,경험 확인 장면,노출 전문 표현 0개 · 85자 초과 문장 0개 / 핵심 결론 2개 중 접힌 근거 2개 / 답변으로 해석을 조정하는 질문 제공 / 생활 장면을 묻는 본문 1개 · 거절 반영 False / 서로 다른 행동 4개 · 언제/확인/대안 True / 실행 카드와 마무리 함께 제공 / 이야기 순서 True · 본문 8개
R01:people:seoyeok:free:focus,R01,80,70,10,,경험 확인 장면 / 완결과 가져갈 것,노출 전문 표현 0개 · 85자 초과 문장 0개 / 핵심 결론 1개 중 접힌 근거 1개 / 답변으로 해석을 조정하는 질문 제공 / 생활 장면을 묻는 본문 0개 · 거절 반영 False / 서로 다른 행동 1개 · 언제/확인/대안 True / 실행 카드와 마무리 함께 제공 / 이야기 순서 True · 본문 2개
R01:people:seoyeok:one:focus,R01,92,78,14,,경험 확인 장면,노출 전문 표현 0개 · 85자 초과 문장 0개 / 핵심 결론 2개 중 접힌 근거 2개 / 답변으로 해석을 조정하는 질문 제공 / 생활 장면을 묻는 본문 1개 · 거절 반영 False / 서로 다른 행동 4개 · 언제/확인/대안 True / 실행 카드와 마무리 함께 제공 / 이야기 순서 True · 본문 8개
R01:people:seoyeok:sub:focus,R01,92,78,14,,경험 확인 장면,노출 전문 표현 0개 · 85자 초과 문장 0개 / 핵심 결론 2개 중 접힌 근거 2개 / 답변으로 해석을 조정하는 질문 제공 / 생활 장면을 묻는 본문 1개 · 거절 반영 False / 서로 다른 행동 4개 · 언제/확인/대안 True / 실행 카드와 마무리 함께 제공 / 이야기 순서 True · 본문 8개
R01:people:seoyeok:all:focus,R01,92,78,14,,경험 확인 장면,노출 전문 표현 0개 · 85자 초과 문장 0개 / 핵심 결론 2개 중 접힌 근거 2개 / 답변으로 해석을 조정하는 질문 제공 / 생활 장면을 묻는 본문 1개 · 거절 반영 False / 서로 다른 행동 4개 · 언제/확인/대안 True / 실행 카드와 마무리 함께 제공 / 이야기 순서 True · 본문 8개
R01:people:paeseon:free:focus,R01,80,70,10,,경험 확인 장면 / 완결과 가져갈 것,노출 전문 표현 0개 · 85자 초과 문장 0개 / 핵심 결론 1개 중 접힌 근거 1개 / 답변으로 해석을 조정하는 질문 제공 / 생활 장면을 묻는 본문 0개 · 거절 반영 False / 서로 다른 행동 1개 · 언제/확인/대안 True / 실행 카드와 마무리 함께 제공 / 이야기 순서 True · 본문 2개
R01:people:paeseon:one:focus,R01,92,78,14,,경험 확인 장면,노출 전문 표현 0개 · 85자 초과 문장 0개 / 핵심 결론 2개 중 접힌 근거 2개 / 답변으로 해석을 조정하는 질문 제공 / 생활 장면을 묻는 본문 1개 · 거절 반영 False / 서로 다른 행동 4개 · 언제/확인/대안 True / 실행 카드와 마무리 함께 제공 / 이야기 순서 True · 본문 8개
R01:people:paeseon:sub:focus,R01,92,78,14,,경험 확인 장면,노출 전문 표현 0개 · 85자 초과 문장 0개 / 핵심 결론 2개 중 접힌 근거 2개 / 답변으로 해석을 조정하는 질문 제공 / 생활 장면을 묻는 본문 1개 · 거절 반영 False / 서로 다른 행동 4개 · 언제/확인/대안 True / 실행 카드와 마무리 함께 제공 / 이야기 순서 True · 본문 8개
R01:people:paeseon:all:focus,R01,92,78,14,,경험 확인 장면,노출 전문 표현 0개 · 85자 초과 문장 0개 / 핵심 결론 2개 중 접힌 근거 2개 / 답변으로 해석을 조정하는 질문 제공 / 생활 장면을 묻는 본문 1개 · 거절 반영 False / 서로 다른 행동 4개 · 언제/확인/대안 True / 실행 카드와 마무리 함께 제공 / 이야기 순서 True · 본문 8개
R01:people:myeonsang:free:focus,R01,80,70,10,,경험 확인 장면 / 완결과 가져갈 것,노출 전문 표현 0개 · 85자 초과 문장 0개 / 핵심 결론 1개 중 접힌 근거 1개 / 답변으로 해석을 조정하는 질문 제공 / 생활 장면을 묻는 본문 0개 · 거절 반영 False / 서로 다른 행동 1개 · 언제/확인/대안 True / 실행 카드와 마무리 함께 제공 / 이야기 순서 True · 본문 2개
R01:people:myeonsang:one:focus,R01,92,78,14,,경험 확인 장면,노출 전문 표현 0개 · 85자 초과 문장 0개 / 핵심 결론 2개 중 접힌 근거 2개 / 답변으로 해석을 조정하는 질문 제공 / 생활 장면을 묻는 본문 1개 · 거절 반영 False / 서로 다른 행동 4개 · 언제/확인/대안 True / 실행 카드와 마무리 함께 제공 / 이야기 순서 True · 본문 8개
R01:people:myeonsang:sub:focus,R01,92,78,14,,경험 확인 장면,노출 전문 표현 0개 · 85자 초과 문장 0개 / 핵심 결론 2개 중 접힌 근거 2개 / 답변으로 해석을 조정하는 질문 제공 / 생활 장면을 묻는 본문 1개 · 거절 반영 False / 서로 다른 행동 4개 · 언제/확인/대안 True / 실행 카드와 마무리 함께 제공 / 이야기 순서 True · 본문 8개
R01:people:myeonsang:all:focus,R01,92,78,14,,경험 확인 장면,노출 전문 표현 0개 · 85자 초과 문장 0개 / 핵심 결론 2개 중 접힌 근거 2개 / 답변으로 해석을 조정하는 질문 제공 / 생활 장면을 묻는 본문 1개 · 거절 반영 False / 서로 다른 행동 4개 · 언제/확인/대안 True / 실행 카드와 마무리 함께 제공 / 이야기 순서 True · 본문 8개
R01:people:wolha:free:focus,R01,80,70,10,,경험 확인 장면 / 완결과 가져갈 것,노출 전문 표현 0개 · 85자 초과 문장 0개 / 핵심 결론 1개 중 접힌 근거 1개 / 답변으로 해석을 조정하는 질문 제공 / 생활 장면을 묻는 본문 0개 · 거절 반영 False / 서로 다른 행동 1개 · 언제/확인/대안 True / 실행 카드와 마무리 함께 제공 / 이야기 순서 True · 본문 2개
R01:people:wolha:one:focus,R01,92,78,14,,경험 확인 장면,노출 전문 표현 0개 · 85자 초과 문장 0개 / 핵심 결론 2개 중 접힌 근거 2개 / 답변으로 해석을 조정하는 질문 제공 / 생활 장면을 묻는 본문 1개 · 거절 반영 False / 서로 다른 행동 4개 · 언제/확인/대안 True / 실행 카드와 마무리 함께 제공 / 이야기 순서 True · 본문 8개
R01:people:wolha:sub:focus,R01,92,78,14,,경험 확인 장면,노출 전문 표현 0개 · 85자 초과 문장 0개 / 핵심 결론 2개 중 접힌 근거 2개 / 답변으로 해석을 조정하는 질문 제공 / 생활 장면을 묻는 본문 1개 · 거절 반영 False / 서로 다른 행동 4개 · 언제/확인/대안 True / 실행 카드와 마무리 함께 제공 / 이야기 순서 True · 본문 8개
R01:people:wolha:all:focus,R01,92,78,14,,경험 확인 장면,노출 전문 표현 0개 · 85자 초과 문장 0개 / 핵심 결론 2개 중 접힌 근거 2개 / 답변으로 해석을 조정하는 질문 제공 / 생활 장면을 묻는 본문 1개 · 거절 반영 False / 서로 다른 행동 4개 · 언제/확인/대안 True / 실행 카드와 마무리 함께 제공 / 이야기 순서 True · 본문 8개
R01:people:hongmae:free:focus,R01,80,70,10,,경험 확인 장면 / 완결과 가져갈 것,노출 전문 표현 0개 · 85자 초과 문장 0개 / 핵심 결론 1개 중 접힌 근거 1개 / 답변으로 해석을 조정하는 질문 제공 / 생활 장면을 묻는 본문 0개 · 거절 반영 False / 서로 다른 행동 1개 · 언제/확인/대안 True / 실행 카드와 마무리 함께 제공 / 이야기 순서 True · 본문 2개
R01:people:hongmae:one:focus,R01,92,78,14,,경험 확인 장면,노출 전문 표현 0개 · 85자 초과 문장 0개 / 핵심 결론 2개 중 접힌 근거 2개 / 답변으로 해석을 조정하는 질문 제공 / 생활 장면을 묻는 본문 1개 · 거절 반영 False / 서로 다른 행동 4개 · 언제/확인/대안 True / 실행 카드와 마무리 함께 제공 / 이야기 순서 True · 본문 8개
R01:people:hongmae:sub:focus,R01,92,78,14,,경험 확인 장면,노출 전문 표현 0개 · 85자 초과 문장 0개 / 핵심 결론 2개 중 접힌 근거 2개 / 답변으로 해석을 조정하는 질문 제공 / 생활 장면을 묻는 본문 1개 · 거절 반영 False / 서로 다른 행동 4개 · 언제/확인/대안 True / 실행 카드와 마무리 함께 제공 / 이야기 순서 True · 본문 8개
R01:people:hongmae:all:focus,R01,92,78,14,,경험 확인 장면,노출 전문 표현 0개 · 85자 초과 문장 0개 / 핵심 결론 2개 중 접힌 근거 2개 / 답변으로 해석을 조정하는 질문 제공 / 생활 장면을 묻는 본문 1개 · 거절 반영 False / 서로 다른 행동 4개 · 언제/확인/대안 True / 실행 카드와 마무리 함께 제공 / 이야기 순서 True · 본문 8개
R01:people:yeondam:free:focus,R01,80,70,10,,경험 확인 장면 / 완결과 가져갈 것,노출 전문 표현 0개 · 85자 초과 문장 0개 / 핵심 결론 1개 중 접힌 근거 1개 / 답변으로 해석을 조정하는 질문 제공 / 생활 장면을 묻는 본문 0개 · 거절 반영 False / 서로 다른 행동 1개 · 언제/확인/대안 True / 실행 카드와 마무리 함께 제공 / 이야기 순서 True · 본문 2개
R01:people:yeondam:one:focus,R01,92,78,14,,경험 확인 장면,노출 전문 표현 0개 · 85자 초과 문장 0개 / 핵심 결론 2개 중 접힌 근거 2개 / 답변으로 해석을 조정하는 질문 제공 / 생활 장면을 묻는 본문 1개 · 거절 반영 False / 서로 다른 행동 4개 · 언제/확인/대안 True / 실행 카드와 마무리 함께 제공 / 이야기 순서 True · 본문 8개
R01:people:yeondam:sub:focus,R01,92,78,14,,경험 확인 장면,노출 전문 표현 0개 · 85자 초과 문장 0개 / 핵심 결론 2개 중 접힌 근거 2개 / 답변으로 해석을 조정하는 질문 제공 / 생활 장면을 묻는 본문 1개 · 거절 반영 False / 서로 다른 행동 4개 · 언제/확인/대안 True / 실행 카드와 마무리 함께 제공 / 이야기 순서 True · 본문 8개
R01:people:yeondam:all:focus,R01,92,78,14,,경험 확인 장면,노출 전문 표현 0개 · 85자 초과 문장 0개 / 핵심 결론 2개 중 접힌 근거 2개 / 답변으로 해석을 조정하는 질문 제공 / 생활 장면을 묻는 본문 1개 · 거절 반영 False / 서로 다른 행동 4개 · 언제/확인/대안 True / 실행 카드와 마무리 함께 제공 / 이야기 순서 True · 본문 8개
R01:people:hwagyeong:free:focus,R01,80,70,10,,경험 확인 장면 / 완결과 가져갈 것,노출 전문 표현 0개 · 85자 초과 문장 0개 / 핵심 결론 1개 중 접힌 근거 1개 / 답변으로 해석을 조정하는 질문 제공 / 생활 장면을 묻는 본문 0개 · 거절 반영 False / 서로 다른 행동 1개 · 언제/확인/대안 True / 실행 카드와 마무리 함께 제공 / 이야기 순서 True · 본문 2개
R01:people:hwagyeong:one:focus,R01,92,78,14,,경험 확인 장면,노출 전문 표현 0개 · 85자 초과 문장 0개 / 핵심 결론 2개 중 접힌 근거 2개 / 답변으로 해석을 조정하는 질문 제공 / 생활 장면을 묻는 본문 1개 · 거절 반영 False / 서로 다른 행동 4개 · 언제/확인/대안 True / 실행 카드와 마무리 함께 제공 / 이야기 순서 True · 본문 8개
R01:people:hwagyeong:sub:focus,R01,92,78,14,,경험 확인 장면,노출 전문 표현 0개 · 85자 초과 문장 0개 / 핵심 결론 2개 중 접힌 근거 2개 / 답변으로 해석을 조정하는 질문 제공 / 생활 장면을 묻는 본문 1개 · 거절 반영 False / 서로 다른 행동 4개 · 언제/확인/대안 True / 실행 카드와 마무리 함께 제공 / 이야기 순서 True · 본문 8개
R01:people:hwagyeong:all:focus,R01,92,78,14,,경험 확인 장면,노출 전문 표현 0개 · 85자 초과 문장 0개 / 핵심 결론 2개 중 접힌 근거 2개 / 답변으로 해석을 조정하는 질문 제공 / 생활 장면을 묻는 본문 1개 · 거절 반영 False / 서로 다른 행동 4개 · 언제/확인/대안 True / 실행 카드와 마무리 함께 제공 / 이야기 순서 True · 본문 8개
R01:people:haengsu:free:focus,R01,80,70,10,,경험 확인 장면 / 완결과 가져갈 것,노출 전문 표현 0개 · 85자 초과 문장 0개 / 핵심 결론 1개 중 접힌 근거 1개 / 답변으로 해석을 조정하는 질문 제공 / 생활 장면을 묻는 본문 0개 · 거절 반영 False / 서로 다른 행동 1개 · 언제/확인/대안 True / 실행 카드와 마무리 함께 제공 / 이야기 순서 True · 본문 2개
R01:people:haengsu:one:focus,R01,92,78,14,,경험 확인 장면,노출 전문 표현 0개 · 85자 초과 문장 0개 / 핵심 결론 2개 중 접힌 근거 2개 / 답변으로 해석을 조정하는 질문 제공 / 생활 장면을 묻는 본문 1개 · 거절 반영 False / 서로 다른 행동 4개 · 언제/확인/대안 True / 실행 카드와 마무리 함께 제공 / 이야기 순서 True · 본문 8개
R01:people:haengsu:sub:focus,R01,92,78,14,,경험 확인 장면,노출 전문 표현 0개 · 85자 초과 문장 0개 / 핵심 결론 2개 중 접힌 근거 2개 / 답변으로 해석을 조정하는 질문 제공 / 생활 장면을 묻는 본문 1개 · 거절 반영 False / 서로 다른 행동 4개 · 언제/확인/대안 True / 실행 카드와 마무리 함께 제공 / 이야기 순서 True · 본문 8개
R01:people:haengsu:all:focus,R01,92,78,14,,경험 확인 장면,노출 전문 표현 0개 · 85자 초과 문장 0개 / 핵심 결론 2개 중 접힌 근거 2개 / 답변으로 해석을 조정하는 질문 제공 / 생활 장면을 묻는 본문 1개 · 거절 반영 False / 서로 다른 행동 4개 · 언제/확인/대안 True / 실행 카드와 마무리 함께 제공 / 이야기 순서 True · 본문 8개
R01:people:hunjang:free:focus,R01,80,70,10,,경험 확인 장면 / 완결과 가져갈 것,노출 전문 표현 0개 · 85자 초과 문장 0개 / 핵심 결론 1개 중 접힌 근거 1개 / 답변으로 해석을 조정하는 질문 제공 / 생활 장면을 묻는 본문 0개 · 거절 반영 False / 서로 다른 행동 1개 · 언제/확인/대안 True / 실행 카드와 마무리 함께 제공 / 이야기 순서 True · 본문 2개
R01:people:hunjang:one:focus,R01,92,78,14,,경험 확인 장면,노출 전문 표현 0개 · 85자 초과 문장 0개 / 핵심 결론 2개 중 접힌 근거 2개 / 답변으로 해석을 조정하는 질문 제공 / 생활 장면을 묻는 본문 1개 · 거절 반영 False / 서로 다른 행동 4개 · 언제/확인/대안 True / 실행 카드와 마무리 함께 제공 / 이야기 순서 True · 본문 8개
R01:people:hunjang:sub:focus,R01,92,78,14,,경험 확인 장면,노출 전문 표현 0개 · 85자 초과 문장 0개 / 핵심 결론 2개 중 접힌 근거 2개 / 답변으로 해석을 조정하는 질문 제공 / 생활 장면을 묻는 본문 1개 · 거절 반영 False / 서로 다른 행동 4개 · 언제/확인/대안 True / 실행 카드와 마무리 함께 제공 / 이야기 순서 True · 본문 8개
R01:people:hunjang:all:focus,R01,92,78,14,,경험 확인 장면,노출 전문 표현 0개 · 85자 초과 문장 0개 / 핵심 결론 2개 중 접힌 근거 2개 / 답변으로 해석을 조정하는 질문 제공 / 생활 장면을 묻는 본문 1개 · 거절 반영 False / 서로 다른 행동 4개 · 언제/확인/대안 True / 실행 카드와 마무리 함께 제공 / 이야기 순서 True · 본문 8개
R01:people:yakcho:free:focus,R01,80,70,10,,경험 확인 장면 / 완결과 가져갈 것,노출 전문 표현 0개 · 85자 초과 문장 0개 / 핵심 결론 1개 중 접힌 근거 1개 / 답변으로 해석을 조정하는 질문 제공 / 생활 장면을 묻는 본문 0개 · 거절 반영 False / 서로 다른 행동 1개 · 언제/확인/대안 True / 실행 카드와 마무리 함께 제공 / 이야기 순서 True · 본문 2개
R01:people:yakcho:one:focus,R01,92,78,14,,경험 확인 장면,노출 전문 표현 0개 · 85자 초과 문장 0개 / 핵심 결론 2개 중 접힌 근거 2개 / 답변으로 해석을 조정하는 질문 제공 / 생활 장면을 묻는 본문 1개 · 거절 반영 False / 서로 다른 행동 4개 · 언제/확인/대안 True / 실행 카드와 마무리 함께 제공 / 이야기 순서 True · 본문 8개
R01:people:yakcho:sub:focus,R01,92,78,14,,경험 확인 장면,노출 전문 표현 0개 · 85자 초과 문장 0개 / 핵심 결론 2개 중 접힌 근거 2개 / 답변으로 해석을 조정하는 질문 제공 / 생활 장면을 묻는 본문 1개 · 거절 반영 False / 서로 다른 행동 4개 · 언제/확인/대안 True / 실행 카드와 마무리 함께 제공 / 이야기 순서 True · 본문 8개
R01:people:yakcho:all:focus,R01,92,78,14,,경험 확인 장면,노출 전문 표현 0개 · 85자 초과 문장 0개 / 핵심 결론 2개 중 접힌 근거 2개 / 답변으로 해석을 조정하는 질문 제공 / 생활 장면을 묻는 본문 1개 · 거절 반영 False / 서로 다른 행동 4개 · 언제/확인/대안 True / 실행 카드와 마무리 함께 제공 / 이야기 순서 True · 본문 8개
R01:people:ilgwan:free:focus,R01,80,70,10,,경험 확인 장면 / 완결과 가져갈 것,노출 전문 표현 0개 · 85자 초과 문장 0개 / 핵심 결론 1개 중 접힌 근거 1개 / 답변으로 해석을 조정하는 질문 제공 / 생활 장면을 묻는 본문 0개 · 거절 반영 False / 서로 다른 행동 1개 · 언제/확인/대안 True / 실행 카드와 마무리 함께 제공 / 이야기 순서 True · 본문 2개
R01:people:ilgwan:one:focus,R01,92,78,14,,경험 확인 장면,노출 전문 표현 0개 · 85자 초과 문장 0개 / 핵심 결론 2개 중 접힌 근거 2개 / 답변으로 해석을 조정하는 질문 제공 / 생활 장면을 묻는 본문 1개 · 거절 반영 False / 서로 다른 행동 4개 · 언제/확인/대안 True / 실행 카드와 마무리 함께 제공 / 이야기 순서 True · 본문 8개
R01:people:ilgwan:sub:focus,R01,92,78,14,,경험 확인 장면,노출 전문 표현 0개 · 85자 초과 문장 0개 / 핵심 결론 2개 중 접힌 근거 2개 / 답변으로 해석을 조정하는 질문 제공 / 생활 장면을 묻는 본문 1개 · 거절 반영 False / 서로 다른 행동 4개 · 언제/확인/대안 True / 실행 카드와 마무리 함께 제공 / 이야기 순서 True · 본문 8개
R01:people:ilgwan:all:focus,R01,92,78,14,,경험 확인 장면,노출 전문 표현 0개 · 85자 초과 문장 0개 / 핵심 결론 2개 중 접힌 근거 2개 / 답변으로 해석을 조정하는 질문 제공 / 생활 장면을 묻는 본문 1개 · 거절 반영 False / 서로 다른 행동 4개 · 언제/확인/대안 True / 실행 카드와 마무리 함께 제공 / 이야기 순서 True · 본문 8개
R01:people:nopa:free:focus,R01,80,70,10,,경험 확인 장면 / 완결과 가져갈 것,노출 전문 표현 0개 · 85자 초과 문장 0개 / 핵심 결론 1개 중 접힌 근거 1개 / 답변으로 해석을 조정하는 질문 제공 / 생활 장면을 묻는 본문 0개 · 거절 반영 False / 서로 다른 행동 1개 · 언제/확인/대안 True / 실행 카드와 마무리 함께 제공 / 이야기 순서 True · 본문 2개
R01:people:nopa:one:focus,R01,92,78,14,,경험 확인 장면,노출 전문 표현 0개 · 85자 초과 문장 0개 / 핵심 결론 2개 중 접힌 근거 2개 / 답변으로 해석을 조정하는 질문 제공 / 생활 장면을 묻는 본문 1개 · 거절 반영 False / 서로 다른 행동 4개 · 언제/확인/대안 True / 실행 카드와 마무리 함께 제공 / 이야기 순서 True · 본문 8개
R01:people:nopa:sub:focus,R01,92,78,14,,경험 확인 장면,노출 전문 표현 0개 · 85자 초과 문장 0개 / 핵심 결론 2개 중 접힌 근거 2개 / 답변으로 해석을 조정하는 질문 제공 / 생활 장면을 묻는 본문 1개 · 거절 반영 False / 서로 다른 행동 4개 · 언제/확인/대안 True / 실행 카드와 마무리 함께 제공 / 이야기 순서 True · 본문 8개
R01:people:nopa:all:focus,R01,92,78,14,,경험 확인 장면,노출 전문 표현 0개 · 85자 초과 문장 0개 / 핵심 결론 2개 중 접힌 근거 2개 / 답변으로 해석을 조정하는 질문 제공 / 생활 장면을 묻는 본문 1개 · 거절 반영 False / 서로 다른 행동 4개 · 언제/확인/대안 True / 실행 카드와 마무리 함께 제공 / 이야기 순서 True · 본문 8개
R01:people:dongja:free:focus,R01,80,70,10,,경험 확인 장면 / 완결과 가져갈 것,노출 전문 표현 0개 · 85자 초과 문장 0개 / 핵심 결론 1개 중 접힌 근거 1개 / 답변으로 해석을 조정하는 질문 제공 / 생활 장면을 묻는 본문 0개 · 거절 반영 False / 서로 다른 행동 1개 · 언제/확인/대안 True / 실행 카드와 마무리 함께 제공 / 이야기 순서 True · 본문 2개
R01:people:dongja:one:focus,R01,92,78,14,,경험 확인 장면,노출 전문 표현 0개 · 85자 초과 문장 0개 / 핵심 결론 2개 중 접힌 근거 2개 / 답변으로 해석을 조정하는 질문 제공 / 생활 장면을 묻는 본문 1개 · 거절 반영 False / 서로 다른 행동 4개 · 언제/확인/대안 True / 실행 카드와 마무리 함께 제공 / 이야기 순서 True · 본문 8개
R01:people:dongja:sub:focus,R01,92,78,14,,경험 확인 장면,노출 전문 표현 0개 · 85자 초과 문장 0개 / 핵심 결론 2개 중 접힌 근거 2개 / 답변으로 해석을 조정하는 질문 제공 / 생활 장면을 묻는 본문 1개 · 거절 반영 False / 서로 다른 행동 4개 · 언제/확인/대안 True / 실행 카드와 마무리 함께 제공 / 이야기 순서 True · 본문 8개
R01:people:dongja:all:focus,R01,92,78,14,,경험 확인 장면,노출 전문 표현 0개 · 85자 초과 문장 0개 / 핵심 결론 2개 중 접힌 근거 2개 / 답변으로 해석을 조정하는 질문 제공 / 생활 장면을 묻는 본문 1개 · 거절 반영 False / 서로 다른 행동 4개 · 언제/확인/대안 True / 실행 카드와 마무리 함께 제공 / 이야기 순서 True · 본문 8개
R01:dir:pungun:all:book,R01,100,85,15,,,노출 전문 표현 0개 · 85자 초과 문장 0개 / 핵심 결론 2개 중 접힌 근거 2개 / 답변으로 해석을 조정하는 질문 제공 / 생활 장면을 묻는 본문 7개 · 거절 반영 False / 서로 다른 행동 9개 · 언제/확인/대안 True / 실행 카드와 마무리 함께 제공 / 이야기 순서 True · 본문 13개
R01:dir:pungun:free:focus,R01,80,70,10,,경험 확인 장면 / 완결과 가져갈 것,노출 전문 표현 0개 · 85자 초과 문장 0개 / 핵심 결론 1개 중 접힌 근거 1개 / 답변으로 해석을 조정하는 질문 제공 / 생활 장면을 묻는 본문 0개 · 거절 반영 False / 서로 다른 행동 1개 · 언제/확인/대안 True / 실행 카드와 마무리 함께 제공 / 이야기 순서 True · 본문 2개
R01:dir:pungun:one:focus,R01,100,85,15,,,노출 전문 표현 0개 · 85자 초과 문장 0개 / 핵심 결론 2개 중 접힌 근거 2개 / 답변으로 해석을 조정하는 질문 제공 / 생활 장면을 묻는 본문 2개 · 거절 반영 False / 서로 다른 행동 4개 · 언제/확인/대안 True / 실행 카드와 마무리 함께 제공 / 이야기 순서 True · 본문 8개
R01:dir:pungun:sub:focus,R01,100,85,15,,,노출 전문 표현 0개 · 85자 초과 문장 0개 / 핵심 결론 2개 중 접힌 근거 2개 / 답변으로 해석을 조정하는 질문 제공 / 생활 장면을 묻는 본문 2개 · 거절 반영 False / 서로 다른 행동 4개 · 언제/확인/대안 True / 실행 카드와 마무리 함께 제공 / 이야기 순서 True · 본문 8개
R01:dir:pungun:all:focus,R01,100,85,15,,,노출 전문 표현 0개 · 85자 초과 문장 0개 / 핵심 결론 2개 중 접힌 근거 2개 / 답변으로 해석을 조정하는 질문 제공 / 생활 장면을 묻는 본문 2개 · 거절 반영 False / 서로 다른 행동 4개 · 언제/확인/대안 True / 실행 카드와 마무리 함께 제공 / 이야기 순서 True · 본문 8개
R01:dir:baegun:free:focus,R01,80,70,10,,경험 확인 장면 / 완결과 가져갈 것,노출 전문 표현 0개 · 85자 초과 문장 0개 / 핵심 결론 1개 중 접힌 근거 1개 / 답변으로 해석을 조정하는 질문 제공 / 생활 장면을 묻는 본문 0개 · 거절 반영 False / 서로 다른 행동 1개 · 언제/확인/대안 True / 실행 카드와 마무리 함께 제공 / 이야기 순서 True · 본문 2개
R01:dir:baegun:one:focus,R01,100,85,15,,,노출 전문 표현 0개 · 85자 초과 문장 0개 / 핵심 결론 2개 중 접힌 근거 2개 / 답변으로 해석을 조정하는 질문 제공 / 생활 장면을 묻는 본문 2개 · 거절 반영 False / 서로 다른 행동 4개 · 언제/확인/대안 True / 실행 카드와 마무리 함께 제공 / 이야기 순서 True · 본문 8개
R01:dir:baegun:sub:focus,R01,100,85,15,,,노출 전문 표현 0개 · 85자 초과 문장 0개 / 핵심 결론 2개 중 접힌 근거 2개 / 답변으로 해석을 조정하는 질문 제공 / 생활 장면을 묻는 본문 2개 · 거절 반영 False / 서로 다른 행동 4개 · 언제/확인/대안 True / 실행 카드와 마무리 함께 제공 / 이야기 순서 True · 본문 8개
R01:dir:baegun:all:focus,R01,100,85,15,,,노출 전문 표현 0개 · 85자 초과 문장 0개 / 핵심 결론 2개 중 접힌 근거 2개 / 답변으로 해석을 조정하는 질문 제공 / 생활 장면을 묻는 본문 2개 · 거절 반영 False / 서로 다른 행동 4개 · 언제/확인/대안 True / 실행 카드와 마무리 함께 제공 / 이야기 순서 True · 본문 8개
R01:dir:cheongam:free:focus,R01,80,70,10,,경험 확인 장면 / 완결과 가져갈 것,노출 전문 표현 0개 · 85자 초과 문장 0개 / 핵심 결론 1개 중 접힌 근거 1개 / 답변으로 해석을 조정하는 질문 제공 / 생활 장면을 묻는 본문 0개 · 거절 반영 False / 서로 다른 행동 1개 · 언제/확인/대안 True / 실행 카드와 마무리 함께 제공 / 이야기 순서 True · 본문 2개
R01:dir:cheongam:one:focus,R01,100,85,15,,,노출 전문 표현 0개 · 85자 초과 문장 0개 / 핵심 결론 2개 중 접힌 근거 2개 / 답변으로 해석을 조정하는 질문 제공 / 생활 장면을 묻는 본문 2개 · 거절 반영 False / 서로 다른 행동 4개 · 언제/확인/대안 True / 실행 카드와 마무리 함께 제공 / 이야기 순서 True · 본문 8개
R01:dir:cheongam:sub:focus,R01,100,85,15,,,노출 전문 표현 0개 · 85자 초과 문장 0개 / 핵심 결론 2개 중 접힌 근거 2개 / 답변으로 해석을 조정하는 질문 제공 / 생활 장면을 묻는 본문 2개 · 거절 반영 False / 서로 다른 행동 4개 · 언제/확인/대안 True / 실행 카드와 마무리 함께 제공 / 이야기 순서 True · 본문 8개
R01:dir:cheongam:all:focus,R01,100,85,15,,,노출 전문 표현 0개 · 85자 초과 문장 0개 / 핵심 결론 2개 중 접힌 근거 2개 / 답변으로 해석을 조정하는 질문 제공 / 생활 장면을 묻는 본문 2개 · 거절 반영 False / 서로 다른 행동 4개 · 언제/확인/대안 True / 실행 카드와 마무리 함께 제공 / 이야기 순서 True · 본문 8개
R01:dir:sigye:free:focus,R01,80,70,10,,경험 확인 장면 / 완결과 가져갈 것,노출 전문 표현 0개 · 85자 초과 문장 0개 / 핵심 결론 1개 중 접힌 근거 1개 / 답변으로 해석을 조정하는 질문 제공 / 생활 장면을 묻는 본문 0개 · 거절 반영 False / 서로 다른 행동 1개 · 언제/확인/대안 True / 실행 카드와 마무리 함께 제공 / 이야기 순서 True · 본문 2개
R01:dir:sigye:one:focus,R01,100,85,15,,,노출 전문 표현 0개 · 85자 초과 문장 0개 / 핵심 결론 2개 중 접힌 근거 2개 / 답변으로 해석을 조정하는 질문 제공 / 생활 장면을 묻는 본문 2개 · 거절 반영 False / 서로 다른 행동 4개 · 언제/확인/대안 True / 실행 카드와 마무리 함께 제공 / 이야기 순서 True · 본문 8개
R01:dir:sigye:sub:focus,R01,100,85,15,,,노출 전문 표현 0개 · 85자 초과 문장 0개 / 핵심 결론 2개 중 접힌 근거 2개 / 답변으로 해석을 조정하는 질문 제공 / 생활 장면을 묻는 본문 2개 · 거절 반영 False / 서로 다른 행동 4개 · 언제/확인/대안 True / 실행 카드와 마무리 함께 제공 / 이야기 순서 True · 본문 8개
R01:dir:sigye:all:focus,R01,100,85,15,,,노출 전문 표현 0개 · 85자 초과 문장 0개 / 핵심 결론 2개 중 접힌 근거 2개 / 답변으로 해석을 조정하는 질문 제공 / 생활 장면을 묻는 본문 2개 · 거절 반영 False / 서로 다른 행동 4개 · 언제/확인/대안 True / 실행 카드와 마무리 함께 제공 / 이야기 순서 True · 본문 8개
R01:dir:eunbyeol:free:focus,R01,80,70,10,,경험 확인 장면 / 완결과 가져갈 것,노출 전문 표현 0개 · 85자 초과 문장 0개 / 핵심 결론 1개 중 접힌 근거 1개 / 답변으로 해석을 조정하는 질문 제공 / 생활 장면을 묻는 본문 0개 · 거절 반영 False / 서로 다른 행동 1개 · 언제/확인/대안 True / 실행 카드와 마무리 함께 제공 / 이야기 순서 True · 본문 2개
R01:dir:eunbyeol:one:focus,R01,100,85,15,,,노출 전문 표현 0개 · 85자 초과 문장 0개 / 핵심 결론 2개 중 접힌 근거 2개 / 답변으로 해석을 조정하는 질문 제공 / 생활 장면을 묻는 본문 2개 · 거절 반영 False / 서로 다른 행동 4개 · 언제/확인/대안 True / 실행 카드와 마무리 함께 제공 / 이야기 순서 True · 본문 8개
R01:dir:eunbyeol:sub:focus,R01,100,85,15,,,노출 전문 표현 0개 · 85자 초과 문장 0개 / 핵심 결론 2개 중 접힌 근거 2개 / 답변으로 해석을 조정하는 질문 제공 / 생활 장면을 묻는 본문 2개 · 거절 반영 False / 서로 다른 행동 4개 · 언제/확인/대안 True / 실행 카드와 마무리 함께 제공 / 이야기 순서 True · 본문 8개
R01:dir:eunbyeol:all:focus,R01,100,85,15,,,노출 전문 표현 0개 · 85자 초과 문장 0개 / 핵심 결론 2개 중 접힌 근거 2개 / 답변으로 해석을 조정하는 질문 제공 / 생활 장면을 묻는 본문 2개 · 거절 반영 False / 서로 다른 행동 4개 · 언제/확인/대안 True / 실행 카드와 마무리 함께 제공 / 이야기 순서 True · 본문 8개
R01:dir:jeokhyeol:free:focus,R01,80,70,10,,경험 확인 장면 / 완결과 가져갈 것,노출 전문 표현 0개 · 85자 초과 문장 0개 / 핵심 결론 1개 중 접힌 근거 1개 / 답변으로 해석을 조정하는 질문 제공 / 생활 장면을 묻는 본문 0개 · 거절 반영 False / 서로 다른 행동 1개 · 언제/확인/대안 True / 실행 카드와 마무리 함께 제공 / 이야기 순서 True · 본문 2개
R01:dir:jeokhyeol:one:focus,R01,100,85,15,,,노출 전문 표현 0개 · 85자 초과 문장 0개 / 핵심 결론 2개 중 접힌 근거 2개 / 답변으로 해석을 조정하는 질문 제공 / 생활 장면을 묻는 본문 2개 · 거절 반영 False / 서로 다른 행동 4개 · 언제/확인/대안 True / 실행 카드와 마무리 함께 제공 / 이야기 순서 True · 본문 8개
R01:dir:jeokhyeol:sub:focus,R01,100,85,15,,,노출 전문 표현 0개 · 85자 초과 문장 0개 / 핵심 결론 2개 중 접힌 근거 2개 / 답변으로 해석을 조정하는 질문 제공 / 생활 장면을 묻는 본문 2개 · 거절 반영 False / 서로 다른 행동 4개 · 언제/확인/대안 True / 실행 카드와 마무리 함께 제공 / 이야기 순서 True · 본문 8개
R01:dir:jeokhyeol:all:focus,R01,100,85,15,,,노출 전문 표현 0개 · 85자 초과 문장 0개 / 핵심 결론 2개 중 접힌 근거 2개 / 답변으로 해석을 조정하는 질문 제공 / 생활 장면을 묻는 본문 2개 · 거절 반영 False / 서로 다른 행동 4개 · 언제/확인/대안 True / 실행 카드와 마무리 함께 제공 / 이야기 순서 True · 본문 8개
R01:dir:monghwa:free:focus,R01,80,70,10,,경험 확인 장면 / 완결과 가져갈 것,노출 전문 표현 0개 · 85자 초과 문장 0개 / 핵심 결론 1개 중 접힌 근거 1개 / 답변으로 해석을 조정하는 질문 제공 / 생활 장면을 묻는 본문 0개 · 거절 반영 False / 서로 다른 행동 1개 · 언제/확인/대안 True / 실행 카드와 마무리 함께 제공 / 이야기 순서 True · 본문 2개
R01:dir:monghwa:one:focus,R01,100,85,15,,,노출 전문 표현 0개 · 85자 초과 문장 0개 / 핵심 결론 2개 중 접힌 근거 2개 / 답변으로 해석을 조정하는 질문 제공 / 생활 장면을 묻는 본문 2개 · 거절 반영 False / 서로 다른 행동 4개 · 언제/확인/대안 True / 실행 카드와 마무리 함께 제공 / 이야기 순서 True · 본문 8개
R01:dir:monghwa:sub:focus,R01,100,85,15,,,노출 전문 표현 0개 · 85자 초과 문장 0개 / 핵심 결론 2개 중 접힌 근거 2개 / 답변으로 해석을 조정하는 질문 제공 / 생활 장면을 묻는 본문 2개 · 거절 반영 False / 서로 다른 행동 4개 · 언제/확인/대안 True / 실행 카드와 마무리 함께 제공 / 이야기 순서 True · 본문 8개
R01:dir:monghwa:all:focus,R01,100,85,15,,,노출 전문 표현 0개 · 85자 초과 문장 0개 / 핵심 결론 2개 중 접힌 근거 2개 / 답변으로 해석을 조정하는 질문 제공 / 생활 장면을 묻는 본문 2개 · 거절 반영 False / 서로 다른 행동 4개 · 언제/확인/대안 True / 실행 카드와 마무리 함께 제공 / 이야기 순서 True · 본문 8개
R01:dir:seoyeok:free:focus,R01,80,70,10,,경험 확인 장면 / 완결과 가져갈 것,노출 전문 표현 0개 · 85자 초과 문장 0개 / 핵심 결론 1개 중 접힌 근거 1개 / 답변으로 해석을 조정하는 질문 제공 / 생활 장면을 묻는 본문 0개 · 거절 반영 False / 서로 다른 행동 1개 · 언제/확인/대안 True / 실행 카드와 마무리 함께 제공 / 이야기 순서 True · 본문 2개
R01:dir:seoyeok:one:focus,R01,100,85,15,,,노출 전문 표현 0개 · 85자 초과 문장 0개 / 핵심 결론 2개 중 접힌 근거 2개 / 답변으로 해석을 조정하는 질문 제공 / 생활 장면을 묻는 본문 2개 · 거절 반영 False / 서로 다른 행동 4개 · 언제/확인/대안 True / 실행 카드와 마무리 함께 제공 / 이야기 순서 True · 본문 8개
R01:dir:seoyeok:sub:focus,R01,100,85,15,,,노출 전문 표현 0개 · 85자 초과 문장 0개 / 핵심 결론 2개 중 접힌 근거 2개 / 답변으로 해석을 조정하는 질문 제공 / 생활 장면을 묻는 본문 2개 · 거절 반영 False / 서로 다른 행동 4개 · 언제/확인/대안 True / 실행 카드와 마무리 함께 제공 / 이야기 순서 True · 본문 8개
R01:dir:seoyeok:all:focus,R01,100,85,15,,,노출 전문 표현 0개 · 85자 초과 문장 0개 / 핵심 결론 2개 중 접힌 근거 2개 / 답변으로 해석을 조정하는 질문 제공 / 생활 장면을 묻는 본문 2개 · 거절 반영 False / 서로 다른 행동 4개 · 언제/확인/대안 True / 실행 카드와 마무리 함께 제공 / 이야기 순서 True · 본문 8개
R01:dir:paeseon:free:focus,R01,80,70,10,,경험 확인 장면 / 완결과 가져갈 것,노출 전문 표현 0개 · 85자 초과 문장 0개 / 핵심 결론 1개 중 접힌 근거 1개 / 답변으로 해석을 조정하는 질문 제공 / 생활 장면을 묻는 본문 0개 · 거절 반영 False / 서로 다른 행동 1개 · 언제/확인/대안 True / 실행 카드와 마무리 함께 제공 / 이야기 순서 True · 본문 2개
R01:dir:paeseon:one:focus,R01,100,85,15,,,노출 전문 표현 0개 · 85자 초과 문장 0개 / 핵심 결론 2개 중 접힌 근거 2개 / 답변으로 해석을 조정하는 질문 제공 / 생활 장면을 묻는 본문 2개 · 거절 반영 False / 서로 다른 행동 4개 · 언제/확인/대안 True / 실행 카드와 마무리 함께 제공 / 이야기 순서 True · 본문 8개
R01:dir:paeseon:sub:focus,R01,100,85,15,,,노출 전문 표현 0개 · 85자 초과 문장 0개 / 핵심 결론 2개 중 접힌 근거 2개 / 답변으로 해석을 조정하는 질문 제공 / 생활 장면을 묻는 본문 2개 · 거절 반영 False / 서로 다른 행동 4개 · 언제/확인/대안 True / 실행 카드와 마무리 함께 제공 / 이야기 순서 True · 본문 8개
R01:dir:paeseon:all:focus,R01,100,85,15,,,노출 전문 표현 0개 · 85자 초과 문장 0개 / 핵심 결론 2개 중 접힌 근거 2개 / 답변으로 해석을 조정하는 질문 제공 / 생활 장면을 묻는 본문 2개 · 거절 반영 False / 서로 다른 행동 4개 · 언제/확인/대안 True / 실행 카드와 마무리 함께 제공 / 이야기 순서 True · 본문 8개
R01:dir:myeonsang:free:focus,R01,80,70,10,,경험 확인 장면 / 완결과 가져갈 것,노출 전문 표현 0개 · 85자 초과 문장 0개 / 핵심 결론 1개 중 접힌 근거 1개 / 답변으로 해석을 조정하는 질문 제공 / 생활 장면을 묻는 본문 0개 · 거절 반영 False / 서로 다른 행동 1개 · 언제/확인/대안 True / 실행 카드와 마무리 함께 제공 / 이야기 순서 True · 본문 2개
R01:dir:myeonsang:one:focus,R01,100,85,15,,,노출 전문 표현 0개 · 85자 초과 문장 0개 / 핵심 결론 2개 중 접힌 근거 2개 / 답변으로 해석을 조정하는 질문 제공 / 생활 장면을 묻는 본문 2개 · 거절 반영 False / 서로 다른 행동 4개 · 언제/확인/대안 True / 실행 카드와 마무리 함께 제공 / 이야기 순서 True · 본문 8개
R01:dir:myeonsang:sub:focus,R01,100,85,15,,,노출 전문 표현 0개 · 85자 초과 문장 0개 / 핵심 결론 2개 중 접힌 근거 2개 / 답변으로 해석을 조정하는 질문 제공 / 생활 장면을 묻는 본문 2개 · 거절 반영 False / 서로 다른 행동 4개 · 언제/확인/대안 True / 실행 카드와 마무리 함께 제공 / 이야기 순서 True · 본문 8개
R01:dir:myeonsang:all:focus,R01,100,85,15,,,노출 전문 표현 0개 · 85자 초과 문장 0개 / 핵심 결론 2개 중 접힌 근거 2개 / 답변으로 해석을 조정하는 질문 제공 / 생활 장면을 묻는 본문 2개 · 거절 반영 False / 서로 다른 행동 4개 · 언제/확인/대안 True / 실행 카드와 마무리 함께 제공 / 이야기 순서 True · 본문 8개
R01:dir:wolha:free:focus,R01,80,70,10,,경험 확인 장면 / 완결과 가져갈 것,노출 전문 표현 0개 · 85자 초과 문장 0개 / 핵심 결론 1개 중 접힌 근거 1개 / 답변으로 해석을 조정하는 질문 제공 / 생활 장면을 묻는 본문 0개 · 거절 반영 False / 서로 다른 행동 1개 · 언제/확인/대안 True / 실행 카드와 마무리 함께 제공 / 이야기 순서 True · 본문 2개
R01:dir:wolha:one:focus,R01,100,85,15,,,노출 전문 표현 0개 · 85자 초과 문장 0개 / 핵심 결론 2개 중 접힌 근거 2개 / 답변으로 해석을 조정하는 질문 제공 / 생활 장면을 묻는 본문 2개 · 거절 반영 False / 서로 다른 행동 4개 · 언제/확인/대안 True / 실행 카드와 마무리 함께 제공 / 이야기 순서 True · 본문 8개
R01:dir:wolha:sub:focus,R01,100,85,15,,,노출 전문 표현 0개 · 85자 초과 문장 0개 / 핵심 결론 2개 중 접힌 근거 2개 / 답변으로 해석을 조정하는 질문 제공 / 생활 장면을 묻는 본문 2개 · 거절 반영 False / 서로 다른 행동 4개 · 언제/확인/대안 True / 실행 카드와 마무리 함께 제공 / 이야기 순서 True · 본문 8개
R01:dir:wolha:all:focus,R01,100,85,15,,,노출 전문 표현 0개 · 85자 초과 문장 0개 / 핵심 결론 2개 중 접힌 근거 2개 / 답변으로 해석을 조정하는 질문 제공 / 생활 장면을 묻는 본문 2개 · 거절 반영 False / 서로 다른 행동 4개 · 언제/확인/대안 True / 실행 카드와 마무리 함께 제공 / 이야기 순서 True · 본문 8개
R01:dir:hongmae:free:focus,R01,80,70,10,,경험 확인 장면 / 완결과 가져갈 것,노출 전문 표현 0개 · 85자 초과 문장 0개 / 핵심 결론 1개 중 접힌 근거 1개 / 답변으로 해석을 조정하는 질문 제공 / 생활 장면을 묻는 본문 0개 · 거절 반영 False / 서로 다른 행동 1개 · 언제/확인/대안 True / 실행 카드와 마무리 함께 제공 / 이야기 순서 True · 본문 2개
R01:dir:hongmae:one:focus,R01,100,85,15,,,노출 전문 표현 0개 · 85자 초과 문장 0개 / 핵심 결론 2개 중 접힌 근거 2개 / 답변으로 해석을 조정하는 질문 제공 / 생활 장면을 묻는 본문 2개 · 거절 반영 False / 서로 다른 행동 4개 · 언제/확인/대안 True / 실행 카드와 마무리 함께 제공 / 이야기 순서 True · 본문 8개
R01:dir:hongmae:sub:focus,R01,100,85,15,,,노출 전문 표현 0개 · 85자 초과 문장 0개 / 핵심 결론 2개 중 접힌 근거 2개 / 답변으로 해석을 조정하는 질문 제공 / 생활 장면을 묻는 본문 2개 · 거절 반영 False / 서로 다른 행동 4개 · 언제/확인/대안 True / 실행 카드와 마무리 함께 제공 / 이야기 순서 True · 본문 8개
R01:dir:hongmae:all:focus,R01,100,85,15,,,노출 전문 표현 0개 · 85자 초과 문장 0개 / 핵심 결론 2개 중 접힌 근거 2개 / 답변으로 해석을 조정하는 질문 제공 / 생활 장면을 묻는 본문 2개 · 거절 반영 False / 서로 다른 행동 4개 · 언제/확인/대안 True / 실행 카드와 마무리 함께 제공 / 이야기 순서 True · 본문 8개
R01:dir:yeondam:free:focus,R01,80,70,10,,경험 확인 장면 / 완결과 가져갈 것,노출 전문 표현 0개 · 85자 초과 문장 0개 / 핵심 결론 1개 중 접힌 근거 1개 / 답변으로 해석을 조정하는 질문 제공 / 생활 장면을 묻는 본문 0개 · 거절 반영 False / 서로 다른 행동 1개 · 언제/확인/대안 True / 실행 카드와 마무리 함께 제공 / 이야기 순서 True · 본문 2개
R01:dir:yeondam:one:focus,R01,100,85,15,,,노출 전문 표현 0개 · 85자 초과 문장 0개 / 핵심 결론 2개 중 접힌 근거 2개 / 답변으로 해석을 조정하는 질문 제공 / 생활 장면을 묻는 본문 2개 · 거절 반영 False / 서로 다른 행동 4개 · 언제/확인/대안 True / 실행 카드와 마무리 함께 제공 / 이야기 순서 True · 본문 8개
R01:dir:yeondam:sub:focus,R01,100,85,15,,,노출 전문 표현 0개 · 85자 초과 문장 0개 / 핵심 결론 2개 중 접힌 근거 2개 / 답변으로 해석을 조정하는 질문 제공 / 생활 장면을 묻는 본문 2개 · 거절 반영 False / 서로 다른 행동 4개 · 언제/확인/대안 True / 실행 카드와 마무리 함께 제공 / 이야기 순서 True · 본문 8개
R01:dir:yeondam:all:focus,R01,100,85,15,,,노출 전문 표현 0개 · 85자 초과 문장 0개 / 핵심 결론 2개 중 접힌 근거 2개 / 답변으로 해석을 조정하는 질문 제공 / 생활 장면을 묻는 본문 2개 · 거절 반영 False / 서로 다른 행동 4개 · 언제/확인/대안 True / 실행 카드와 마무리 함께 제공 / 이야기 순서 True · 본문 8개
R01:dir:hwagyeong:free:focus,R01,80,70,10,,경험 확인 장면 / 완결과 가져갈 것,노출 전문 표현 0개 · 85자 초과 문장 0개 / 핵심 결론 1개 중 접힌 근거 1개 / 답변으로 해석을 조정하는 질문 제공 / 생활 장면을 묻는 본문 0개 · 거절 반영 False / 서로 다른 행동 1개 · 언제/확인/대안 True / 실행 카드와 마무리 함께 제공 / 이야기 순서 True · 본문 2개
R01:dir:hwagyeong:one:focus,R01,100,85,15,,,노출 전문 표현 0개 · 85자 초과 문장 0개 / 핵심 결론 2개 중 접힌 근거 2개 / 답변으로 해석을 조정하는 질문 제공 / 생활 장면을 묻는 본문 2개 · 거절 반영 False / 서로 다른 행동 4개 · 언제/확인/대안 True / 실행 카드와 마무리 함께 제공 / 이야기 순서 True · 본문 8개
R01:dir:hwagyeong:sub:focus,R01,100,85,15,,,노출 전문 표현 0개 · 85자 초과 문장 0개 / 핵심 결론 2개 중 접힌 근거 2개 / 답변으로 해석을 조정하는 질문 제공 / 생활 장면을 묻는 본문 2개 · 거절 반영 False / 서로 다른 행동 4개 · 언제/확인/대안 True / 실행 카드와 마무리 함께 제공 / 이야기 순서 True · 본문 8개
R01:dir:hwagyeong:all:focus,R01,100,85,15,,,노출 전문 표현 0개 · 85자 초과 문장 0개 / 핵심 결론 2개 중 접힌 근거 2개 / 답변으로 해석을 조정하는 질문 제공 / 생활 장면을 묻는 본문 2개 · 거절 반영 False / 서로 다른 행동 4개 · 언제/확인/대안 True / 실행 카드와 마무리 함께 제공 / 이야기 순서 True · 본문 8개
R01:dir:haengsu:free:focus,R01,80,70,10,,경험 확인 장면 / 완결과 가져갈 것,노출 전문 표현 0개 · 85자 초과 문장 0개 / 핵심 결론 1개 중 접힌 근거 1개 / 답변으로 해석을 조정하는 질문 제공 / 생활 장면을 묻는 본문 0개 · 거절 반영 False / 서로 다른 행동 1개 · 언제/확인/대안 True / 실행 카드와 마무리 함께 제공 / 이야기 순서 True · 본문 2개
R01:dir:haengsu:one:focus,R01,100,85,15,,,노출 전문 표현 0개 · 85자 초과 문장 0개 / 핵심 결론 2개 중 접힌 근거 2개 / 답변으로 해석을 조정하는 질문 제공 / 생활 장면을 묻는 본문 2개 · 거절 반영 False / 서로 다른 행동 4개 · 언제/확인/대안 True / 실행 카드와 마무리 함께 제공 / 이야기 순서 True · 본문 8개
R01:dir:haengsu:sub:focus,R01,100,85,15,,,노출 전문 표현 0개 · 85자 초과 문장 0개 / 핵심 결론 2개 중 접힌 근거 2개 / 답변으로 해석을 조정하는 질문 제공 / 생활 장면을 묻는 본문 2개 · 거절 반영 False / 서로 다른 행동 4개 · 언제/확인/대안 True / 실행 카드와 마무리 함께 제공 / 이야기 순서 True · 본문 8개
R01:dir:haengsu:all:focus,R01,100,85,15,,,노출 전문 표현 0개 · 85자 초과 문장 0개 / 핵심 결론 2개 중 접힌 근거 2개 / 답변으로 해석을 조정하는 질문 제공 / 생활 장면을 묻는 본문 2개 · 거절 반영 False / 서로 다른 행동 4개 · 언제/확인/대안 True / 실행 카드와 마무리 함께 제공 / 이야기 순서 True · 본문 8개
R01:dir:hunjang:free:focus,R01,80,70,10,,경험 확인 장면 / 완결과 가져갈 것,노출 전문 표현 0개 · 85자 초과 문장 0개 / 핵심 결론 1개 중 접힌 근거 1개 / 답변으로 해석을 조정하는 질문 제공 / 생활 장면을 묻는 본문 0개 · 거절 반영 False / 서로 다른 행동 1개 · 언제/확인/대안 True / 실행 카드와 마무리 함께 제공 / 이야기 순서 True · 본문 2개
R01:dir:hunjang:one:focus,R01,100,85,15,,,노출 전문 표현 0개 · 85자 초과 문장 0개 / 핵심 결론 2개 중 접힌 근거 2개 / 답변으로 해석을 조정하는 질문 제공 / 생활 장면을 묻는 본문 2개 · 거절 반영 False / 서로 다른 행동 4개 · 언제/확인/대안 True / 실행 카드와 마무리 함께 제공 / 이야기 순서 True · 본문 8개
R01:dir:hunjang:sub:focus,R01,100,85,15,,,노출 전문 표현 0개 · 85자 초과 문장 0개 / 핵심 결론 2개 중 접힌 근거 2개 / 답변으로 해석을 조정하는 질문 제공 / 생활 장면을 묻는 본문 2개 · 거절 반영 False / 서로 다른 행동 4개 · 언제/확인/대안 True / 실행 카드와 마무리 함께 제공 / 이야기 순서 True · 본문 8개
R01:dir:hunjang:all:focus,R01,100,85,15,,,노출 전문 표현 0개 · 85자 초과 문장 0개 / 핵심 결론 2개 중 접힌 근거 2개 / 답변으로 해석을 조정하는 질문 제공 / 생활 장면을 묻는 본문 2개 · 거절 반영 False / 서로 다른 행동 4개 · 언제/확인/대안 True / 실행 카드와 마무리 함께 제공 / 이야기 순서 True · 본문 8개
R01:dir:yakcho:free:focus,R01,80,70,10,,경험 확인 장면 / 완결과 가져갈 것,노출 전문 표현 0개 · 85자 초과 문장 0개 / 핵심 결론 1개 중 접힌 근거 1개 / 답변으로 해석을 조정하는 질문 제공 / 생활 장면을 묻는 본문 0개 · 거절 반영 False / 서로 다른 행동 1개 · 언제/확인/대안 True / 실행 카드와 마무리 함께 제공 / 이야기 순서 True · 본문 2개
R01:dir:yakcho:one:focus,R01,100,85,15,,,노출 전문 표현 0개 · 85자 초과 문장 0개 / 핵심 결론 2개 중 접힌 근거 2개 / 답변으로 해석을 조정하는 질문 제공 / 생활 장면을 묻는 본문 2개 · 거절 반영 False / 서로 다른 행동 4개 · 언제/확인/대안 True / 실행 카드와 마무리 함께 제공 / 이야기 순서 True · 본문 8개
R01:dir:yakcho:sub:focus,R01,100,85,15,,,노출 전문 표현 0개 · 85자 초과 문장 0개 / 핵심 결론 2개 중 접힌 근거 2개 / 답변으로 해석을 조정하는 질문 제공 / 생활 장면을 묻는 본문 2개 · 거절 반영 False / 서로 다른 행동 4개 · 언제/확인/대안 True / 실행 카드와 마무리 함께 제공 / 이야기 순서 True · 본문 8개
R01:dir:yakcho:all:focus,R01,100,85,15,,,노출 전문 표현 0개 · 85자 초과 문장 0개 / 핵심 결론 2개 중 접힌 근거 2개 / 답변으로 해석을 조정하는 질문 제공 / 생활 장면을 묻는 본문 2개 · 거절 반영 False / 서로 다른 행동 4개 · 언제/확인/대안 True / 실행 카드와 마무리 함께 제공 / 이야기 순서 True · 본문 8개
R01:dir:ilgwan:free:focus,R01,80,70,10,,경험 확인 장면 / 완결과 가져갈 것,노출 전문 표현 0개 · 85자 초과 문장 0개 / 핵심 결론 1개 중 접힌 근거 1개 / 답변으로 해석을 조정하는 질문 제공 / 생활 장면을 묻는 본문 0개 · 거절 반영 False / 서로 다른 행동 1개 · 언제/확인/대안 True / 실행 카드와 마무리 함께 제공 / 이야기 순서 True · 본문 2개
R01:dir:ilgwan:one:focus,R01,100,85,15,,,노출 전문 표현 0개 · 85자 초과 문장 0개 / 핵심 결론 2개 중 접힌 근거 2개 / 답변으로 해석을 조정하는 질문 제공 / 생활 장면을 묻는 본문 2개 · 거절 반영 False / 서로 다른 행동 4개 · 언제/확인/대안 True / 실행 카드와 마무리 함께 제공 / 이야기 순서 True · 본문 8개
R01:dir:ilgwan:sub:focus,R01,100,85,15,,,노출 전문 표현 0개 · 85자 초과 문장 0개 / 핵심 결론 2개 중 접힌 근거 2개 / 답변으로 해석을 조정하는 질문 제공 / 생활 장면을 묻는 본문 2개 · 거절 반영 False / 서로 다른 행동 4개 · 언제/확인/대안 True / 실행 카드와 마무리 함께 제공 / 이야기 순서 True · 본문 8개
R01:dir:ilgwan:all:focus,R01,100,85,15,,,노출 전문 표현 0개 · 85자 초과 문장 0개 / 핵심 결론 2개 중 접힌 근거 2개 / 답변으로 해석을 조정하는 질문 제공 / 생활 장면을 묻는 본문 2개 · 거절 반영 False / 서로 다른 행동 4개 · 언제/확인/대안 True / 실행 카드와 마무리 함께 제공 / 이야기 순서 True · 본문 8개
R01:dir:nopa:free:focus,R01,80,70,10,,경험 확인 장면 / 완결과 가져갈 것,노출 전문 표현 0개 · 85자 초과 문장 0개 / 핵심 결론 1개 중 접힌 근거 1개 / 답변으로 해석을 조정하는 질문 제공 / 생활 장면을 묻는 본문 0개 · 거절 반영 False / 서로 다른 행동 1개 · 언제/확인/대안 True / 실행 카드와 마무리 함께 제공 / 이야기 순서 True · 본문 2개
R01:dir:nopa:one:focus,R01,100,85,15,,,노출 전문 표현 0개 · 85자 초과 문장 0개 / 핵심 결론 2개 중 접힌 근거 2개 / 답변으로 해석을 조정하는 질문 제공 / 생활 장면을 묻는 본문 2개 · 거절 반영 False / 서로 다른 행동 4개 · 언제/확인/대안 True / 실행 카드와 마무리 함께 제공 / 이야기 순서 True · 본문 8개
R01:dir:nopa:sub:focus,R01,100,85,15,,,노출 전문 표현 0개 · 85자 초과 문장 0개 / 핵심 결론 2개 중 접힌 근거 2개 / 답변으로 해석을 조정하는 질문 제공 / 생활 장면을 묻는 본문 2개 · 거절 반영 False / 서로 다른 행동 4개 · 언제/확인/대안 True / 실행 카드와 마무리 함께 제공 / 이야기 순서 True · 본문 8개
R01:dir:nopa:all:focus,R01,100,85,15,,,노출 전문 표현 0개 · 85자 초과 문장 0개 / 핵심 결론 2개 중 접힌 근거 2개 / 답변으로 해석을 조정하는 질문 제공 / 생활 장면을 묻는 본문 2개 · 거절 반영 False / 서로 다른 행동 4개 · 언제/확인/대안 True / 실행 카드와 마무리 함께 제공 / 이야기 순서 True · 본문 8개
R01:dir:dongja:free:focus,R01,80,70,10,,경험 확인 장면 / 완결과 가져갈 것,노출 전문 표현 0개 · 85자 초과 문장 0개 / 핵심 결론 1개 중 접힌 근거 1개 / 답변으로 해석을 조정하는 질문 제공 / 생활 장면을 묻는 본문 0개 · 거절 반영 False / 서로 다른 행동 1개 · 언제/확인/대안 True / 실행 카드와 마무리 함께 제공 / 이야기 순서 True · 본문 2개
R01:dir:dongja:one:focus,R01,100,85,15,,,노출 전문 표현 0개 · 85자 초과 문장 0개 / 핵심 결론 2개 중 접힌 근거 2개 / 답변으로 해석을 조정하는 질문 제공 / 생활 장면을 묻는 본문 2개 · 거절 반영 False / 서로 다른 행동 4개 · 언제/확인/대안 True / 실행 카드와 마무리 함께 제공 / 이야기 순서 True · 본문 8개
R01:dir:dongja:sub:focus,R01,100,85,15,,,노출 전문 표현 0개 · 85자 초과 문장 0개 / 핵심 결론 2개 중 접힌 근거 2개 / 답변으로 해석을 조정하는 질문 제공 / 생활 장면을 묻는 본문 2개 · 거절 반영 False / 서로 다른 행동 4개 · 언제/확인/대안 True / 실행 카드와 마무리 함께 제공 / 이야기 순서 True · 본문 8개
R01:dir:dongja:all:focus,R01,100,85,15,,,노출 전문 표현 0개 · 85자 초과 문장 0개 / 핵심 결론 2개 중 접힌 근거 2개 / 답변으로 해석을 조정하는 질문 제공 / 생활 장면을 묻는 본문 2개 · 거절 반영 False / 서로 다른 행동 4개 · 언제/확인/대안 True / 실행 카드와 마무리 함께 제공 / 이야기 순서 True · 본문 8개
R01:health:pungun:all:book,R01,100,85,15,,,노출 전문 표현 0개 · 85자 초과 문장 0개 / 핵심 결론 1개 중 접힌 근거 1개 / 답변으로 해석을 조정하는 질문 제공 / 생활 장면을 묻는 본문 6개 · 거절 반영 False / 서로 다른 행동 8개 · 언제/확인/대안 True / 실행 카드와 마무리 함께 제공 / 이야기 순서 True · 본문 12개
R01:health:pungun:free:focus,R01,80,70,10,,경험 확인 장면 / 완결과 가져갈 것,노출 전문 표현 0개 · 85자 초과 문장 0개 / 핵심 결론 1개 중 접힌 근거 1개 / 답변으로 해석을 조정하는 질문 제공 / 생활 장면을 묻는 본문 0개 · 거절 반영 False / 서로 다른 행동 1개 · 언제/확인/대안 True / 실행 카드와 마무리 함께 제공 / 이야기 순서 True · 본문 2개
R01:health:pungun:one:focus,R01,92,78,14,,경험 확인 장면,노출 전문 표현 0개 · 85자 초과 문장 0개 / 핵심 결론 1개 중 접힌 근거 1개 / 답변으로 해석을 조정하는 질문 제공 / 생활 장면을 묻는 본문 1개 · 거절 반영 False / 서로 다른 행동 3개 · 언제/확인/대안 True / 실행 카드와 마무리 함께 제공 / 이야기 순서 True · 본문 7개
R01:health:pungun:sub:focus,R01,92,78,14,,경험 확인 장면,노출 전문 표현 0개 · 85자 초과 문장 0개 / 핵심 결론 1개 중 접힌 근거 1개 / 답변으로 해석을 조정하는 질문 제공 / 생활 장면을 묻는 본문 1개 · 거절 반영 False / 서로 다른 행동 3개 · 언제/확인/대안 True / 실행 카드와 마무리 함께 제공 / 이야기 순서 True · 본문 7개
R01:health:pungun:all:focus,R01,92,78,14,,경험 확인 장면,노출 전문 표현 0개 · 85자 초과 문장 0개 / 핵심 결론 1개 중 접힌 근거 1개 / 답변으로 해석을 조정하는 질문 제공 / 생활 장면을 묻는 본문 1개 · 거절 반영 False / 서로 다른 행동 3개 · 언제/확인/대안 True / 실행 카드와 마무리 함께 제공 / 이야기 순서 True · 본문 7개
R01:health:baegun:free:focus,R01,80,70,10,,경험 확인 장면 / 완결과 가져갈 것,노출 전문 표현 0개 · 85자 초과 문장 0개 / 핵심 결론 1개 중 접힌 근거 1개 / 답변으로 해석을 조정하는 질문 제공 / 생활 장면을 묻는 본문 0개 · 거절 반영 False / 서로 다른 행동 1개 · 언제/확인/대안 True / 실행 카드와 마무리 함께 제공 / 이야기 순서 True · 본문 2개
R01:health:baegun:one:focus,R01,92,78,14,,경험 확인 장면,노출 전문 표현 0개 · 85자 초과 문장 0개 / 핵심 결론 1개 중 접힌 근거 1개 / 답변으로 해석을 조정하는 질문 제공 / 생활 장면을 묻는 본문 1개 · 거절 반영 False / 서로 다른 행동 3개 · 언제/확인/대안 True / 실행 카드와 마무리 함께 제공 / 이야기 순서 True · 본문 7개
R01:health:baegun:sub:focus,R01,92,78,14,,경험 확인 장면,노출 전문 표현 0개 · 85자 초과 문장 0개 / 핵심 결론 1개 중 접힌 근거 1개 / 답변으로 해석을 조정하는 질문 제공 / 생활 장면을 묻는 본문 1개 · 거절 반영 False / 서로 다른 행동 3개 · 언제/확인/대안 True / 실행 카드와 마무리 함께 제공 / 이야기 순서 True · 본문 7개
R01:health:baegun:all:focus,R01,92,78,14,,경험 확인 장면,노출 전문 표현 0개 · 85자 초과 문장 0개 / 핵심 결론 1개 중 접힌 근거 1개 / 답변으로 해석을 조정하는 질문 제공 / 생활 장면을 묻는 본문 1개 · 거절 반영 False / 서로 다른 행동 3개 · 언제/확인/대안 True / 실행 카드와 마무리 함께 제공 / 이야기 순서 True · 본문 7개
R01:health:cheongam:free:focus,R01,80,70,10,,경험 확인 장면 / 완결과 가져갈 것,노출 전문 표현 0개 · 85자 초과 문장 0개 / 핵심 결론 1개 중 접힌 근거 1개 / 답변으로 해석을 조정하는 질문 제공 / 생활 장면을 묻는 본문 0개 · 거절 반영 False / 서로 다른 행동 1개 · 언제/확인/대안 True / 실행 카드와 마무리 함께 제공 / 이야기 순서 True · 본문 2개
R01:health:cheongam:one:focus,R01,92,78,14,,경험 확인 장면,노출 전문 표현 0개 · 85자 초과 문장 0개 / 핵심 결론 1개 중 접힌 근거 1개 / 답변으로 해석을 조정하는 질문 제공 / 생활 장면을 묻는 본문 1개 · 거절 반영 False / 서로 다른 행동 3개 · 언제/확인/대안 True / 실행 카드와 마무리 함께 제공 / 이야기 순서 True · 본문 7개
R01:health:cheongam:sub:focus,R01,92,78,14,,경험 확인 장면,노출 전문 표현 0개 · 85자 초과 문장 0개 / 핵심 결론 1개 중 접힌 근거 1개 / 답변으로 해석을 조정하는 질문 제공 / 생활 장면을 묻는 본문 1개 · 거절 반영 False / 서로 다른 행동 3개 · 언제/확인/대안 True / 실행 카드와 마무리 함께 제공 / 이야기 순서 True · 본문 7개
R01:health:cheongam:all:focus,R01,92,78,14,,경험 확인 장면,노출 전문 표현 0개 · 85자 초과 문장 0개 / 핵심 결론 1개 중 접힌 근거 1개 / 답변으로 해석을 조정하는 질문 제공 / 생활 장면을 묻는 본문 1개 · 거절 반영 False / 서로 다른 행동 3개 · 언제/확인/대안 True / 실행 카드와 마무리 함께 제공 / 이야기 순서 True · 본문 7개
R01:health:sigye:free:focus,R01,80,70,10,,경험 확인 장면 / 완결과 가져갈 것,노출 전문 표현 0개 · 85자 초과 문장 0개 / 핵심 결론 1개 중 접힌 근거 1개 / 답변으로 해석을 조정하는 질문 제공 / 생활 장면을 묻는 본문 0개 · 거절 반영 False / 서로 다른 행동 1개 · 언제/확인/대안 True / 실행 카드와 마무리 함께 제공 / 이야기 순서 True · 본문 2개
R01:health:sigye:one:focus,R01,92,78,14,,경험 확인 장면,노출 전문 표현 0개 · 85자 초과 문장 0개 / 핵심 결론 1개 중 접힌 근거 1개 / 답변으로 해석을 조정하는 질문 제공 / 생활 장면을 묻는 본문 1개 · 거절 반영 False / 서로 다른 행동 3개 · 언제/확인/대안 True / 실행 카드와 마무리 함께 제공 / 이야기 순서 True · 본문 7개
R01:health:sigye:sub:focus,R01,92,78,14,,경험 확인 장면,노출 전문 표현 0개 · 85자 초과 문장 0개 / 핵심 결론 1개 중 접힌 근거 1개 / 답변으로 해석을 조정하는 질문 제공 / 생활 장면을 묻는 본문 1개 · 거절 반영 False / 서로 다른 행동 3개 · 언제/확인/대안 True / 실행 카드와 마무리 함께 제공 / 이야기 순서 True · 본문 7개
R01:health:sigye:all:focus,R01,92,78,14,,경험 확인 장면,노출 전문 표현 0개 · 85자 초과 문장 0개 / 핵심 결론 1개 중 접힌 근거 1개 / 답변으로 해석을 조정하는 질문 제공 / 생활 장면을 묻는 본문 1개 · 거절 반영 False / 서로 다른 행동 3개 · 언제/확인/대안 True / 실행 카드와 마무리 함께 제공 / 이야기 순서 True · 본문 7개
R01:health:eunbyeol:free:focus,R01,80,70,10,,경험 확인 장면 / 완결과 가져갈 것,노출 전문 표현 0개 · 85자 초과 문장 0개 / 핵심 결론 1개 중 접힌 근거 1개 / 답변으로 해석을 조정하는 질문 제공 / 생활 장면을 묻는 본문 0개 · 거절 반영 False / 서로 다른 행동 1개 · 언제/확인/대안 True / 실행 카드와 마무리 함께 제공 / 이야기 순서 True · 본문 2개
R01:health:eunbyeol:one:focus,R01,92,78,14,,경험 확인 장면,노출 전문 표현 0개 · 85자 초과 문장 0개 / 핵심 결론 1개 중 접힌 근거 1개 / 답변으로 해석을 조정하는 질문 제공 / 생활 장면을 묻는 본문 1개 · 거절 반영 False / 서로 다른 행동 3개 · 언제/확인/대안 True / 실행 카드와 마무리 함께 제공 / 이야기 순서 True · 본문 7개
R01:health:eunbyeol:sub:focus,R01,92,78,14,,경험 확인 장면,노출 전문 표현 0개 · 85자 초과 문장 0개 / 핵심 결론 1개 중 접힌 근거 1개 / 답변으로 해석을 조정하는 질문 제공 / 생활 장면을 묻는 본문 1개 · 거절 반영 False / 서로 다른 행동 3개 · 언제/확인/대안 True / 실행 카드와 마무리 함께 제공 / 이야기 순서 True · 본문 7개
R01:health:eunbyeol:all:focus,R01,92,78,14,,경험 확인 장면,노출 전문 표현 0개 · 85자 초과 문장 0개 / 핵심 결론 1개 중 접힌 근거 1개 / 답변으로 해석을 조정하는 질문 제공 / 생활 장면을 묻는 본문 1개 · 거절 반영 False / 서로 다른 행동 3개 · 언제/확인/대안 True / 실행 카드와 마무리 함께 제공 / 이야기 순서 True · 본문 7개
R01:health:jeokhyeol:free:focus,R01,80,70,10,,경험 확인 장면 / 완결과 가져갈 것,노출 전문 표현 0개 · 85자 초과 문장 0개 / 핵심 결론 1개 중 접힌 근거 1개 / 답변으로 해석을 조정하는 질문 제공 / 생활 장면을 묻는 본문 0개 · 거절 반영 False / 서로 다른 행동 1개 · 언제/확인/대안 True / 실행 카드와 마무리 함께 제공 / 이야기 순서 True · 본문 2개
R01:health:jeokhyeol:one:focus,R01,92,78,14,,경험 확인 장면,노출 전문 표현 0개 · 85자 초과 문장 0개 / 핵심 결론 1개 중 접힌 근거 1개 / 답변으로 해석을 조정하는 질문 제공 / 생활 장면을 묻는 본문 1개 · 거절 반영 False / 서로 다른 행동 3개 · 언제/확인/대안 True / 실행 카드와 마무리 함께 제공 / 이야기 순서 True · 본문 7개
R01:health:jeokhyeol:sub:focus,R01,92,78,14,,경험 확인 장면,노출 전문 표현 0개 · 85자 초과 문장 0개 / 핵심 결론 1개 중 접힌 근거 1개 / 답변으로 해석을 조정하는 질문 제공 / 생활 장면을 묻는 본문 1개 · 거절 반영 False / 서로 다른 행동 3개 · 언제/확인/대안 True / 실행 카드와 마무리 함께 제공 / 이야기 순서 True · 본문 7개
R01:health:jeokhyeol:all:focus,R01,92,78,14,,경험 확인 장면,노출 전문 표현 0개 · 85자 초과 문장 0개 / 핵심 결론 1개 중 접힌 근거 1개 / 답변으로 해석을 조정하는 질문 제공 / 생활 장면을 묻는 본문 1개 · 거절 반영 False / 서로 다른 행동 3개 · 언제/확인/대안 True / 실행 카드와 마무리 함께 제공 / 이야기 순서 True · 본문 7개
R01:health:monghwa:free:focus,R01,80,70,10,,경험 확인 장면 / 완결과 가져갈 것,노출 전문 표현 0개 · 85자 초과 문장 0개 / 핵심 결론 1개 중 접힌 근거 1개 / 답변으로 해석을 조정하는 질문 제공 / 생활 장면을 묻는 본문 0개 · 거절 반영 False / 서로 다른 행동 1개 · 언제/확인/대안 True / 실행 카드와 마무리 함께 제공 / 이야기 순서 True · 본문 2개
R01:health:monghwa:one:focus,R01,92,78,14,,경험 확인 장면,노출 전문 표현 0개 · 85자 초과 문장 0개 / 핵심 결론 1개 중 접힌 근거 1개 / 답변으로 해석을 조정하는 질문 제공 / 생활 장면을 묻는 본문 1개 · 거절 반영 False / 서로 다른 행동 3개 · 언제/확인/대안 True / 실행 카드와 마무리 함께 제공 / 이야기 순서 True · 본문 7개
R01:health:monghwa:sub:focus,R01,92,78,14,,경험 확인 장면,노출 전문 표현 0개 · 85자 초과 문장 0개 / 핵심 결론 1개 중 접힌 근거 1개 / 답변으로 해석을 조정하는 질문 제공 / 생활 장면을 묻는 본문 1개 · 거절 반영 False / 서로 다른 행동 3개 · 언제/확인/대안 True / 실행 카드와 마무리 함께 제공 / 이야기 순서 True · 본문 7개
R01:health:monghwa:all:focus,R01,92,78,14,,경험 확인 장면,노출 전문 표현 0개 · 85자 초과 문장 0개 / 핵심 결론 1개 중 접힌 근거 1개 / 답변으로 해석을 조정하는 질문 제공 / 생활 장면을 묻는 본문 1개 · 거절 반영 False / 서로 다른 행동 3개 · 언제/확인/대안 True / 실행 카드와 마무리 함께 제공 / 이야기 순서 True · 본문 7개
R01:health:seoyeok:free:focus,R01,80,70,10,,경험 확인 장면 / 완결과 가져갈 것,노출 전문 표현 0개 · 85자 초과 문장 0개 / 핵심 결론 1개 중 접힌 근거 1개 / 답변으로 해석을 조정하는 질문 제공 / 생활 장면을 묻는 본문 0개 · 거절 반영 False / 서로 다른 행동 1개 · 언제/확인/대안 True / 실행 카드와 마무리 함께 제공 / 이야기 순서 True · 본문 2개
R01:health:seoyeok:one:focus,R01,92,78,14,,경험 확인 장면,노출 전문 표현 0개 · 85자 초과 문장 0개 / 핵심 결론 1개 중 접힌 근거 1개 / 답변으로 해석을 조정하는 질문 제공 / 생활 장면을 묻는 본문 1개 · 거절 반영 False / 서로 다른 행동 3개 · 언제/확인/대안 True / 실행 카드와 마무리 함께 제공 / 이야기 순서 True · 본문 7개
R01:health:seoyeok:sub:focus,R01,92,78,14,,경험 확인 장면,노출 전문 표현 0개 · 85자 초과 문장 0개 / 핵심 결론 1개 중 접힌 근거 1개 / 답변으로 해석을 조정하는 질문 제공 / 생활 장면을 묻는 본문 1개 · 거절 반영 False / 서로 다른 행동 3개 · 언제/확인/대안 True / 실행 카드와 마무리 함께 제공 / 이야기 순서 True · 본문 7개
R01:health:seoyeok:all:focus,R01,92,78,14,,경험 확인 장면,노출 전문 표현 0개 · 85자 초과 문장 0개 / 핵심 결론 1개 중 접힌 근거 1개 / 답변으로 해석을 조정하는 질문 제공 / 생활 장면을 묻는 본문 1개 · 거절 반영 False / 서로 다른 행동 3개 · 언제/확인/대안 True / 실행 카드와 마무리 함께 제공 / 이야기 순서 True · 본문 7개
R01:health:paeseon:free:focus,R01,80,70,10,,경험 확인 장면 / 완결과 가져갈 것,노출 전문 표현 0개 · 85자 초과 문장 0개 / 핵심 결론 1개 중 접힌 근거 1개 / 답변으로 해석을 조정하는 질문 제공 / 생활 장면을 묻는 본문 0개 · 거절 반영 False / 서로 다른 행동 1개 · 언제/확인/대안 True / 실행 카드와 마무리 함께 제공 / 이야기 순서 True · 본문 2개
R01:health:paeseon:one:focus,R01,92,78,14,,경험 확인 장면,노출 전문 표현 0개 · 85자 초과 문장 0개 / 핵심 결론 1개 중 접힌 근거 1개 / 답변으로 해석을 조정하는 질문 제공 / 생활 장면을 묻는 본문 1개 · 거절 반영 False / 서로 다른 행동 3개 · 언제/확인/대안 True / 실행 카드와 마무리 함께 제공 / 이야기 순서 True · 본문 7개
R01:health:paeseon:sub:focus,R01,92,78,14,,경험 확인 장면,노출 전문 표현 0개 · 85자 초과 문장 0개 / 핵심 결론 1개 중 접힌 근거 1개 / 답변으로 해석을 조정하는 질문 제공 / 생활 장면을 묻는 본문 1개 · 거절 반영 False / 서로 다른 행동 3개 · 언제/확인/대안 True / 실행 카드와 마무리 함께 제공 / 이야기 순서 True · 본문 7개
R01:health:paeseon:all:focus,R01,92,78,14,,경험 확인 장면,노출 전문 표현 0개 · 85자 초과 문장 0개 / 핵심 결론 1개 중 접힌 근거 1개 / 답변으로 해석을 조정하는 질문 제공 / 생활 장면을 묻는 본문 1개 · 거절 반영 False / 서로 다른 행동 3개 · 언제/확인/대안 True / 실행 카드와 마무리 함께 제공 / 이야기 순서 True · 본문 7개
R01:health:myeonsang:free:focus,R01,80,70,10,,경험 확인 장면 / 완결과 가져갈 것,노출 전문 표현 0개 · 85자 초과 문장 0개 / 핵심 결론 1개 중 접힌 근거 1개 / 답변으로 해석을 조정하는 질문 제공 / 생활 장면을 묻는 본문 0개 · 거절 반영 False / 서로 다른 행동 1개 · 언제/확인/대안 True / 실행 카드와 마무리 함께 제공 / 이야기 순서 True · 본문 2개
R01:health:myeonsang:one:focus,R01,92,78,14,,경험 확인 장면,노출 전문 표현 0개 · 85자 초과 문장 0개 / 핵심 결론 1개 중 접힌 근거 1개 / 답변으로 해석을 조정하는 질문 제공 / 생활 장면을 묻는 본문 1개 · 거절 반영 False / 서로 다른 행동 3개 · 언제/확인/대안 True / 실행 카드와 마무리 함께 제공 / 이야기 순서 True · 본문 7개
R01:health:myeonsang:sub:focus,R01,92,78,14,,경험 확인 장면,노출 전문 표현 0개 · 85자 초과 문장 0개 / 핵심 결론 1개 중 접힌 근거 1개 / 답변으로 해석을 조정하는 질문 제공 / 생활 장면을 묻는 본문 1개 · 거절 반영 False / 서로 다른 행동 3개 · 언제/확인/대안 True / 실행 카드와 마무리 함께 제공 / 이야기 순서 True · 본문 7개
R01:health:myeonsang:all:focus,R01,92,78,14,,경험 확인 장면,노출 전문 표현 0개 · 85자 초과 문장 0개 / 핵심 결론 1개 중 접힌 근거 1개 / 답변으로 해석을 조정하는 질문 제공 / 생활 장면을 묻는 본문 1개 · 거절 반영 False / 서로 다른 행동 3개 · 언제/확인/대안 True / 실행 카드와 마무리 함께 제공 / 이야기 순서 True · 본문 7개
R01:health:wolha:free:focus,R01,80,70,10,,경험 확인 장면 / 완결과 가져갈 것,노출 전문 표현 0개 · 85자 초과 문장 0개 / 핵심 결론 1개 중 접힌 근거 1개 / 답변으로 해석을 조정하는 질문 제공 / 생활 장면을 묻는 본문 0개 · 거절 반영 False / 서로 다른 행동 1개 · 언제/확인/대안 True / 실행 카드와 마무리 함께 제공 / 이야기 순서 True · 본문 2개
R01:health:wolha:one:focus,R01,92,78,14,,경험 확인 장면,노출 전문 표현 0개 · 85자 초과 문장 0개 / 핵심 결론 1개 중 접힌 근거 1개 / 답변으로 해석을 조정하는 질문 제공 / 생활 장면을 묻는 본문 1개 · 거절 반영 False / 서로 다른 행동 3개 · 언제/확인/대안 True / 실행 카드와 마무리 함께 제공 / 이야기 순서 True · 본문 7개
R01:health:wolha:sub:focus,R01,92,78,14,,경험 확인 장면,노출 전문 표현 0개 · 85자 초과 문장 0개 / 핵심 결론 1개 중 접힌 근거 1개 / 답변으로 해석을 조정하는 질문 제공 / 생활 장면을 묻는 본문 1개 · 거절 반영 False / 서로 다른 행동 3개 · 언제/확인/대안 True / 실행 카드와 마무리 함께 제공 / 이야기 순서 True · 본문 7개
R01:health:wolha:all:focus,R01,92,78,14,,경험 확인 장면,노출 전문 표현 0개 · 85자 초과 문장 0개 / 핵심 결론 1개 중 접힌 근거 1개 / 답변으로 해석을 조정하는 질문 제공 / 생활 장면을 묻는 본문 1개 · 거절 반영 False / 서로 다른 행동 3개 · 언제/확인/대안 True / 실행 카드와 마무리 함께 제공 / 이야기 순서 True · 본문 7개
R01:health:hongmae:free:focus,R01,80,70,10,,경험 확인 장면 / 완결과 가져갈 것,노출 전문 표현 0개 · 85자 초과 문장 0개 / 핵심 결론 1개 중 접힌 근거 1개 / 답변으로 해석을 조정하는 질문 제공 / 생활 장면을 묻는 본문 0개 · 거절 반영 False / 서로 다른 행동 1개 · 언제/확인/대안 True / 실행 카드와 마무리 함께 제공 / 이야기 순서 True · 본문 2개
R01:health:hongmae:one:focus,R01,92,78,14,,경험 확인 장면,노출 전문 표현 0개 · 85자 초과 문장 0개 / 핵심 결론 1개 중 접힌 근거 1개 / 답변으로 해석을 조정하는 질문 제공 / 생활 장면을 묻는 본문 1개 · 거절 반영 False / 서로 다른 행동 3개 · 언제/확인/대안 True / 실행 카드와 마무리 함께 제공 / 이야기 순서 True · 본문 7개
R01:health:hongmae:sub:focus,R01,92,78,14,,경험 확인 장면,노출 전문 표현 0개 · 85자 초과 문장 0개 / 핵심 결론 1개 중 접힌 근거 1개 / 답변으로 해석을 조정하는 질문 제공 / 생활 장면을 묻는 본문 1개 · 거절 반영 False / 서로 다른 행동 3개 · 언제/확인/대안 True / 실행 카드와 마무리 함께 제공 / 이야기 순서 True · 본문 7개
R01:health:hongmae:all:focus,R01,92,78,14,,경험 확인 장면,노출 전문 표현 0개 · 85자 초과 문장 0개 / 핵심 결론 1개 중 접힌 근거 1개 / 답변으로 해석을 조정하는 질문 제공 / 생활 장면을 묻는 본문 1개 · 거절 반영 False / 서로 다른 행동 3개 · 언제/확인/대안 True / 실행 카드와 마무리 함께 제공 / 이야기 순서 True · 본문 7개
R01:health:yeondam:free:focus,R01,80,70,10,,경험 확인 장면 / 완결과 가져갈 것,노출 전문 표현 0개 · 85자 초과 문장 0개 / 핵심 결론 1개 중 접힌 근거 1개 / 답변으로 해석을 조정하는 질문 제공 / 생활 장면을 묻는 본문 0개 · 거절 반영 False / 서로 다른 행동 1개 · 언제/확인/대안 True / 실행 카드와 마무리 함께 제공 / 이야기 순서 True · 본문 2개
R01:health:yeondam:one:focus,R01,92,78,14,,경험 확인 장면,노출 전문 표현 0개 · 85자 초과 문장 0개 / 핵심 결론 1개 중 접힌 근거 1개 / 답변으로 해석을 조정하는 질문 제공 / 생활 장면을 묻는 본문 1개 · 거절 반영 False / 서로 다른 행동 3개 · 언제/확인/대안 True / 실행 카드와 마무리 함께 제공 / 이야기 순서 True · 본문 7개
R01:health:yeondam:sub:focus,R01,92,78,14,,경험 확인 장면,노출 전문 표현 0개 · 85자 초과 문장 0개 / 핵심 결론 1개 중 접힌 근거 1개 / 답변으로 해석을 조정하는 질문 제공 / 생활 장면을 묻는 본문 1개 · 거절 반영 False / 서로 다른 행동 3개 · 언제/확인/대안 True / 실행 카드와 마무리 함께 제공 / 이야기 순서 True · 본문 7개
R01:health:yeondam:all:focus,R01,92,78,14,,경험 확인 장면,노출 전문 표현 0개 · 85자 초과 문장 0개 / 핵심 결론 1개 중 접힌 근거 1개 / 답변으로 해석을 조정하는 질문 제공 / 생활 장면을 묻는 본문 1개 · 거절 반영 False / 서로 다른 행동 3개 · 언제/확인/대안 True / 실행 카드와 마무리 함께 제공 / 이야기 순서 True · 본문 7개
R01:health:hwagyeong:free:focus,R01,80,70,10,,경험 확인 장면 / 완결과 가져갈 것,노출 전문 표현 0개 · 85자 초과 문장 0개 / 핵심 결론 1개 중 접힌 근거 1개 / 답변으로 해석을 조정하는 질문 제공 / 생활 장면을 묻는 본문 0개 · 거절 반영 False / 서로 다른 행동 1개 · 언제/확인/대안 True / 실행 카드와 마무리 함께 제공 / 이야기 순서 True · 본문 2개
R01:health:hwagyeong:one:focus,R01,92,78,14,,경험 확인 장면,노출 전문 표현 0개 · 85자 초과 문장 0개 / 핵심 결론 1개 중 접힌 근거 1개 / 답변으로 해석을 조정하는 질문 제공 / 생활 장면을 묻는 본문 1개 · 거절 반영 False / 서로 다른 행동 3개 · 언제/확인/대안 True / 실행 카드와 마무리 함께 제공 / 이야기 순서 True · 본문 7개
R01:health:hwagyeong:sub:focus,R01,92,78,14,,경험 확인 장면,노출 전문 표현 0개 · 85자 초과 문장 0개 / 핵심 결론 1개 중 접힌 근거 1개 / 답변으로 해석을 조정하는 질문 제공 / 생활 장면을 묻는 본문 1개 · 거절 반영 False / 서로 다른 행동 3개 · 언제/확인/대안 True / 실행 카드와 마무리 함께 제공 / 이야기 순서 True · 본문 7개
R01:health:hwagyeong:all:focus,R01,92,78,14,,경험 확인 장면,노출 전문 표현 0개 · 85자 초과 문장 0개 / 핵심 결론 1개 중 접힌 근거 1개 / 답변으로 해석을 조정하는 질문 제공 / 생활 장면을 묻는 본문 1개 · 거절 반영 False / 서로 다른 행동 3개 · 언제/확인/대안 True / 실행 카드와 마무리 함께 제공 / 이야기 순서 True · 본문 7개
R01:health:haengsu:free:focus,R01,80,70,10,,경험 확인 장면 / 완결과 가져갈 것,노출 전문 표현 0개 · 85자 초과 문장 0개 / 핵심 결론 1개 중 접힌 근거 1개 / 답변으로 해석을 조정하는 질문 제공 / 생활 장면을 묻는 본문 0개 · 거절 반영 False / 서로 다른 행동 1개 · 언제/확인/대안 True / 실행 카드와 마무리 함께 제공 / 이야기 순서 True · 본문 2개
R01:health:haengsu:one:focus,R01,92,78,14,,경험 확인 장면,노출 전문 표현 0개 · 85자 초과 문장 0개 / 핵심 결론 1개 중 접힌 근거 1개 / 답변으로 해석을 조정하는 질문 제공 / 생활 장면을 묻는 본문 1개 · 거절 반영 False / 서로 다른 행동 3개 · 언제/확인/대안 True / 실행 카드와 마무리 함께 제공 / 이야기 순서 True · 본문 7개
R01:health:haengsu:sub:focus,R01,92,78,14,,경험 확인 장면,노출 전문 표현 0개 · 85자 초과 문장 0개 / 핵심 결론 1개 중 접힌 근거 1개 / 답변으로 해석을 조정하는 질문 제공 / 생활 장면을 묻는 본문 1개 · 거절 반영 False / 서로 다른 행동 3개 · 언제/확인/대안 True / 실행 카드와 마무리 함께 제공 / 이야기 순서 True · 본문 7개
R01:health:haengsu:all:focus,R01,92,78,14,,경험 확인 장면,노출 전문 표현 0개 · 85자 초과 문장 0개 / 핵심 결론 1개 중 접힌 근거 1개 / 답변으로 해석을 조정하는 질문 제공 / 생활 장면을 묻는 본문 1개 · 거절 반영 False / 서로 다른 행동 3개 · 언제/확인/대안 True / 실행 카드와 마무리 함께 제공 / 이야기 순서 True · 본문 7개
R01:health:hunjang:free:focus,R01,80,70,10,,경험 확인 장면 / 완결과 가져갈 것,노출 전문 표현 0개 · 85자 초과 문장 0개 / 핵심 결론 1개 중 접힌 근거 1개 / 답변으로 해석을 조정하는 질문 제공 / 생활 장면을 묻는 본문 0개 · 거절 반영 False / 서로 다른 행동 1개 · 언제/확인/대안 True / 실행 카드와 마무리 함께 제공 / 이야기 순서 True · 본문 2개
R01:health:hunjang:one:focus,R01,92,78,14,,경험 확인 장면,노출 전문 표현 0개 · 85자 초과 문장 0개 / 핵심 결론 1개 중 접힌 근거 1개 / 답변으로 해석을 조정하는 질문 제공 / 생활 장면을 묻는 본문 1개 · 거절 반영 False / 서로 다른 행동 3개 · 언제/확인/대안 True / 실행 카드와 마무리 함께 제공 / 이야기 순서 True · 본문 7개
R01:health:hunjang:sub:focus,R01,92,78,14,,경험 확인 장면,노출 전문 표현 0개 · 85자 초과 문장 0개 / 핵심 결론 1개 중 접힌 근거 1개 / 답변으로 해석을 조정하는 질문 제공 / 생활 장면을 묻는 본문 1개 · 거절 반영 False / 서로 다른 행동 3개 · 언제/확인/대안 True / 실행 카드와 마무리 함께 제공 / 이야기 순서 True · 본문 7개
R01:health:hunjang:all:focus,R01,92,78,14,,경험 확인 장면,노출 전문 표현 0개 · 85자 초과 문장 0개 / 핵심 결론 1개 중 접힌 근거 1개 / 답변으로 해석을 조정하는 질문 제공 / 생활 장면을 묻는 본문 1개 · 거절 반영 False / 서로 다른 행동 3개 · 언제/확인/대안 True / 실행 카드와 마무리 함께 제공 / 이야기 순서 True · 본문 7개
R01:health:yakcho:free:focus,R01,80,70,10,,경험 확인 장면 / 완결과 가져갈 것,노출 전문 표현 0개 · 85자 초과 문장 0개 / 핵심 결론 1개 중 접힌 근거 1개 / 답변으로 해석을 조정하는 질문 제공 / 생활 장면을 묻는 본문 0개 · 거절 반영 False / 서로 다른 행동 1개 · 언제/확인/대안 True / 실행 카드와 마무리 함께 제공 / 이야기 순서 True · 본문 2개
R01:health:yakcho:one:focus,R01,92,78,14,,경험 확인 장면,노출 전문 표현 0개 · 85자 초과 문장 0개 / 핵심 결론 1개 중 접힌 근거 1개 / 답변으로 해석을 조정하는 질문 제공 / 생활 장면을 묻는 본문 1개 · 거절 반영 False / 서로 다른 행동 3개 · 언제/확인/대안 True / 실행 카드와 마무리 함께 제공 / 이야기 순서 True · 본문 7개
R01:health:yakcho:sub:focus,R01,92,78,14,,경험 확인 장면,노출 전문 표현 0개 · 85자 초과 문장 0개 / 핵심 결론 1개 중 접힌 근거 1개 / 답변으로 해석을 조정하는 질문 제공 / 생활 장면을 묻는 본문 1개 · 거절 반영 False / 서로 다른 행동 3개 · 언제/확인/대안 True / 실행 카드와 마무리 함께 제공 / 이야기 순서 True · 본문 7개
R01:health:yakcho:all:focus,R01,92,78,14,,경험 확인 장면,노출 전문 표현 0개 · 85자 초과 문장 0개 / 핵심 결론 1개 중 접힌 근거 1개 / 답변으로 해석을 조정하는 질문 제공 / 생활 장면을 묻는 본문 1개 · 거절 반영 False / 서로 다른 행동 3개 · 언제/확인/대안 True / 실행 카드와 마무리 함께 제공 / 이야기 순서 True · 본문 7개
R01:health:ilgwan:free:focus,R01,80,70,10,,경험 확인 장면 / 완결과 가져갈 것,노출 전문 표현 0개 · 85자 초과 문장 0개 / 핵심 결론 1개 중 접힌 근거 1개 / 답변으로 해석을 조정하는 질문 제공 / 생활 장면을 묻는 본문 0개 · 거절 반영 False / 서로 다른 행동 1개 · 언제/확인/대안 True / 실행 카드와 마무리 함께 제공 / 이야기 순서 True · 본문 2개
R01:health:ilgwan:one:focus,R01,92,78,14,,경험 확인 장면,노출 전문 표현 0개 · 85자 초과 문장 0개 / 핵심 결론 1개 중 접힌 근거 1개 / 답변으로 해석을 조정하는 질문 제공 / 생활 장면을 묻는 본문 1개 · 거절 반영 False / 서로 다른 행동 3개 · 언제/확인/대안 True / 실행 카드와 마무리 함께 제공 / 이야기 순서 True · 본문 7개
R01:health:ilgwan:sub:focus,R01,92,78,14,,경험 확인 장면,노출 전문 표현 0개 · 85자 초과 문장 0개 / 핵심 결론 1개 중 접힌 근거 1개 / 답변으로 해석을 조정하는 질문 제공 / 생활 장면을 묻는 본문 1개 · 거절 반영 False / 서로 다른 행동 3개 · 언제/확인/대안 True / 실행 카드와 마무리 함께 제공 / 이야기 순서 True · 본문 7개
R01:health:ilgwan:all:focus,R01,92,78,14,,경험 확인 장면,노출 전문 표현 0개 · 85자 초과 문장 0개 / 핵심 결론 1개 중 접힌 근거 1개 / 답변으로 해석을 조정하는 질문 제공 / 생활 장면을 묻는 본문 1개 · 거절 반영 False / 서로 다른 행동 3개 · 언제/확인/대안 True / 실행 카드와 마무리 함께 제공 / 이야기 순서 True · 본문 7개
R01:health:nopa:free:focus,R01,80,70,10,,경험 확인 장면 / 완결과 가져갈 것,노출 전문 표현 0개 · 85자 초과 문장 0개 / 핵심 결론 1개 중 접힌 근거 1개 / 답변으로 해석을 조정하는 질문 제공 / 생활 장면을 묻는 본문 0개 · 거절 반영 False / 서로 다른 행동 1개 · 언제/확인/대안 True / 실행 카드와 마무리 함께 제공 / 이야기 순서 True · 본문 2개
R01:health:nopa:one:focus,R01,92,78,14,,경험 확인 장면,노출 전문 표현 0개 · 85자 초과 문장 0개 / 핵심 결론 1개 중 접힌 근거 1개 / 답변으로 해석을 조정하는 질문 제공 / 생활 장면을 묻는 본문 1개 · 거절 반영 False / 서로 다른 행동 3개 · 언제/확인/대안 True / 실행 카드와 마무리 함께 제공 / 이야기 순서 True · 본문 7개
R01:health:nopa:sub:focus,R01,92,78,14,,경험 확인 장면,노출 전문 표현 0개 · 85자 초과 문장 0개 / 핵심 결론 1개 중 접힌 근거 1개 / 답변으로 해석을 조정하는 질문 제공 / 생활 장면을 묻는 본문 1개 · 거절 반영 False / 서로 다른 행동 3개 · 언제/확인/대안 True / 실행 카드와 마무리 함께 제공 / 이야기 순서 True · 본문 7개
R01:health:nopa:all:focus,R01,92,78,14,,경험 확인 장면,노출 전문 표현 0개 · 85자 초과 문장 0개 / 핵심 결론 1개 중 접힌 근거 1개 / 답변으로 해석을 조정하는 질문 제공 / 생활 장면을 묻는 본문 1개 · 거절 반영 False / 서로 다른 행동 3개 · 언제/확인/대안 True / 실행 카드와 마무리 함께 제공 / 이야기 순서 True · 본문 7개
R01:health:dongja:free:focus,R01,80,70,10,,경험 확인 장면 / 완결과 가져갈 것,노출 전문 표현 0개 · 85자 초과 문장 0개 / 핵심 결론 1개 중 접힌 근거 1개 / 답변으로 해석을 조정하는 질문 제공 / 생활 장면을 묻는 본문 0개 · 거절 반영 False / 서로 다른 행동 1개 · 언제/확인/대안 True / 실행 카드와 마무리 함께 제공 / 이야기 순서 True · 본문 2개
R01:health:dongja:one:focus,R01,92,78,14,,경험 확인 장면,노출 전문 표현 0개 · 85자 초과 문장 0개 / 핵심 결론 1개 중 접힌 근거 1개 / 답변으로 해석을 조정하는 질문 제공 / 생활 장면을 묻는 본문 1개 · 거절 반영 False / 서로 다른 행동 3개 · 언제/확인/대안 True / 실행 카드와 마무리 함께 제공 / 이야기 순서 True · 본문 7개
R01:health:dongja:sub:focus,R01,92,78,14,,경험 확인 장면,노출 전문 표현 0개 · 85자 초과 문장 0개 / 핵심 결론 1개 중 접힌 근거 1개 / 답변으로 해석을 조정하는 질문 제공 / 생활 장면을 묻는 본문 1개 · 거절 반영 False / 서로 다른 행동 3개 · 언제/확인/대안 True / 실행 카드와 마무리 함께 제공 / 이야기 순서 True · 본문 7개
R01:health:dongja:all:focus,R01,92,78,14,,경험 확인 장면,노출 전문 표현 0개 · 85자 초과 문장 0개 / 핵심 결론 1개 중 접힌 근거 1개 / 답변으로 해석을 조정하는 질문 제공 / 생활 장면을 묻는 본문 1개 · 거절 반영 False / 서로 다른 행동 3개 · 언제/확인/대안 True / 실행 카드와 마무리 함께 제공 / 이야기 순서 True · 본문 7개
R02:work:pungun:all:book,R02,100,85,15,,,노출 전문 표현 0개 · 85자 초과 문장 0개 / 핵심 결론 0개 중 접힌 근거 0개 / 답변으로 해석을 조정하는 질문 제공 / 생활 장면을 묻는 본문 6개 · 거절 반영 False / 서로 다른 행동 7개 · 언제/확인/대안 True / 실행 카드와 마무리 함께 제공 / 이야기 순서 True · 본문 11개
R02:money:pungun:all:book,R02,100,85,15,,,노출 전문 표현 0개 · 85자 초과 문장 0개 / 핵심 결론 0개 중 접힌 근거 0개 / 답변으로 해석을 조정하는 질문 제공 / 생활 장면을 묻는 본문 6개 · 거절 반영 False / 서로 다른 행동 7개 · 언제/확인/대안 True / 실행 카드와 마무리 함께 제공 / 이야기 순서 True · 본문 11개
R02:love:pungun:all:book,R02,100,85,15,,,노출 전문 표현 0개 · 85자 초과 문장 0개 / 핵심 결론 1개 중 접힌 근거 1개 / 답변으로 해석을 조정하는 질문 제공 / 생활 장면을 묻는 본문 6개 · 거절 반영 False / 서로 다른 행동 8개 · 언제/확인/대안 True / 실행 카드와 마무리 함께 제공 / 이야기 순서 True · 본문 12개
R02:people:pungun:all:book,R02,100,85,15,,,노출 전문 표현 0개 · 85자 초과 문장 0개 / 핵심 결론 1개 중 접힌 근거 1개 / 답변으로 해석을 조정하는 질문 제공 / 생활 장면을 묻는 본문 6개 · 거절 반영 False / 서로 다른 행동 8개 · 언제/확인/대안 True / 실행 카드와 마무리 함께 제공 / 이야기 순서 True · 본문 12개
R02:dir:pungun:all:book,R02,100,85,15,,,노출 전문 표현 0개 · 85자 초과 문장 0개 / 핵심 결론 0개 중 접힌 근거 0개 / 답변으로 해석을 조정하는 질문 제공 / 생활 장면을 묻는 본문 6개 · 거절 반영 False / 서로 다른 행동 7개 · 언제/확인/대안 True / 실행 카드와 마무리 함께 제공 / 이야기 순서 True · 본문 11개
R02:health:pungun:all:book,R02,100,85,15,,,노출 전문 표현 0개 · 85자 초과 문장 0개 / 핵심 결론 1개 중 접힌 근거 1개 / 답변으로 해석을 조정하는 질문 제공 / 생활 장면을 묻는 본문 6개 · 거절 반영 False / 서로 다른 행동 8개 · 언제/확인/대안 True / 실행 카드와 마무리 함께 제공 / 이야기 순서 True · 본문 12개
R03:work:pungun:all:book,R03,100,85,15,,,노출 전문 표현 0개 · 85자 초과 문장 0개 / 핵심 결론 2개 중 접힌 근거 2개 / 답변으로 해석을 조정하는 질문 제공 / 생활 장면을 묻는 본문 6개 · 거절 반영 False / 서로 다른 행동 9개 · 언제/확인/대안 True / 실행 카드와 마무리 함께 제공 / 이야기 순서 True · 본문 13개
R03:money:pungun:all:book,R03,100,85,15,,,노출 전문 표현 0개 · 85자 초과 문장 0개 / 핵심 결론 2개 중 접힌 근거 2개 / 답변으로 해석을 조정하는 질문 제공 / 생활 장면을 묻는 본문 6개 · 거절 반영 False / 서로 다른 행동 9개 · 언제/확인/대안 True / 실행 카드와 마무리 함께 제공 / 이야기 순서 True · 본문 13개
R03:love:pungun:all:book,R03,100,85,15,,,노출 전문 표현 0개 · 85자 초과 문장 0개 / 핵심 결론 1개 중 접힌 근거 1개 / 답변으로 해석을 조정하는 질문 제공 / 생활 장면을 묻는 본문 6개 · 거절 반영 False / 서로 다른 행동 8개 · 언제/확인/대안 True / 실행 카드와 마무리 함께 제공 / 이야기 순서 True · 본문 12개
R03:people:pungun:all:book,R03,100,85,15,,,노출 전문 표현 0개 · 85자 초과 문장 0개 / 핵심 결론 2개 중 접힌 근거 2개 / 답변으로 해석을 조정하는 질문 제공 / 생활 장면을 묻는 본문 6개 · 거절 반영 False / 서로 다른 행동 9개 · 언제/확인/대안 True / 실행 카드와 마무리 함께 제공 / 이야기 순서 True · 본문 13개
R03:dir:pungun:all:book,R03,100,85,15,,,노출 전문 표현 0개 · 85자 초과 문장 0개 / 핵심 결론 1개 중 접힌 근거 1개 / 답변으로 해석을 조정하는 질문 제공 / 생활 장면을 묻는 본문 6개 · 거절 반영 False / 서로 다른 행동 8개 · 언제/확인/대안 True / 실행 카드와 마무리 함께 제공 / 이야기 순서 True · 본문 12개
R03:health:pungun:all:book,R03,100,85,15,,,노출 전문 표현 0개 · 85자 초과 문장 0개 / 핵심 결론 0개 중 접힌 근거 0개 / 답변으로 해석을 조정하는 질문 제공 / 생활 장면을 묻는 본문 6개 · 거절 반영 False / 서로 다른 행동 7개 · 언제/확인/대안 True / 실행 카드와 마무리 함께 제공 / 이야기 순서 True · 본문 11개
R04:work:pungun:all:book,R04,100,85,15,,,노출 전문 표현 0개 · 85자 초과 문장 0개 / 핵심 결론 1개 중 접힌 근거 1개 / 답변으로 해석을 조정하는 질문 제공 / 생활 장면을 묻는 본문 6개 · 거절 반영 False / 서로 다른 행동 8개 · 언제/확인/대안 True / 실행 카드와 마무리 함께 제공 / 이야기 순서 True · 본문 12개
R04:money:pungun:all:book,R04,100,85,15,,,노출 전문 표현 0개 · 85자 초과 문장 0개 / 핵심 결론 2개 중 접힌 근거 2개 / 답변으로 해석을 조정하는 질문 제공 / 생활 장면을 묻는 본문 6개 · 거절 반영 False / 서로 다른 행동 9개 · 언제/확인/대안 True / 실행 카드와 마무리 함께 제공 / 이야기 순서 True · 본문 13개
R04:love:pungun:all:book,R04,100,85,15,,,노출 전문 표현 0개 · 85자 초과 문장 0개 / 핵심 결론 1개 중 접힌 근거 1개 / 답변으로 해석을 조정하는 질문 제공 / 생활 장면을 묻는 본문 6개 · 거절 반영 False / 서로 다른 행동 8개 · 언제/확인/대안 True / 실행 카드와 마무리 함께 제공 / 이야기 순서 True · 본문 12개
R04:people:pungun:all:book,R04,100,85,15,,,노출 전문 표현 0개 · 85자 초과 문장 0개 / 핵심 결론 2개 중 접힌 근거 2개 / 답변으로 해석을 조정하는 질문 제공 / 생활 장면을 묻는 본문 6개 · 거절 반영 False / 서로 다른 행동 9개 · 언제/확인/대안 True / 실행 카드와 마무리 함께 제공 / 이야기 순서 True · 본문 13개
R04:dir:pungun:all:book,R04,100,85,15,,,노출 전문 표현 0개 · 85자 초과 문장 0개 / 핵심 결론 1개 중 접힌 근거 1개 / 답변으로 해석을 조정하는 질문 제공 / 생활 장면을 묻는 본문 6개 · 거절 반영 False / 서로 다른 행동 8개 · 언제/확인/대안 True / 실행 카드와 마무리 함께 제공 / 이야기 순서 True · 본문 12개
R04:health:pungun:all:book,R04,100,85,15,,,노출 전문 표현 0개 · 85자 초과 문장 0개 / 핵심 결론 0개 중 접힌 근거 0개 / 답변으로 해석을 조정하는 질문 제공 / 생활 장면을 묻는 본문 6개 · 거절 반영 False / 서로 다른 행동 7개 · 언제/확인/대안 True / 실행 카드와 마무리 함께 제공 / 이야기 순서 True · 본문 11개
R05:work:pungun:all:book,R05,100,85,15,,,노출 전문 표현 0개 · 85자 초과 문장 0개 / 핵심 결론 3개 중 접힌 근거 3개 / 답변으로 해석을 조정하는 질문 제공 / 생활 장면을 묻는 본문 7개 · 거절 반영 False / 서로 다른 행동 10개 · 언제/확인/대안 True / 실행 카드와 마무리 함께 제공 / 이야기 순서 True · 본문 14개
R05:money:pungun:all:book,R05,100,85,15,,,노출 전문 표현 0개 · 85자 초과 문장 0개 / 핵심 결론 0개 중 접힌 근거 0개 / 답변으로 해석을 조정하는 질문 제공 / 생활 장면을 묻는 본문 6개 · 거절 반영 False / 서로 다른 행동 7개 · 언제/확인/대안 True / 실행 카드와 마무리 함께 제공 / 이야기 순서 True · 본문 11개
R05:love:pungun:all:book,R05,100,85,15,,,노출 전문 표현 0개 · 85자 초과 문장 0개 / 핵심 결론 3개 중 접힌 근거 3개 / 답변으로 해석을 조정하는 질문 제공 / 생활 장면을 묻는 본문 6개 · 거절 반영 False / 서로 다른 행동 10개 · 언제/확인/대안 True / 실행 카드와 마무리 함께 제공 / 이야기 순서 True · 본문 14개
R05:people:pungun:all:book,R05,100,85,15,,,노출 전문 표현 0개 · 85자 초과 문장 0개 / 핵심 결론 3개 중 접힌 근거 3개 / 답변으로 해석을 조정하는 질문 제공 / 생활 장면을 묻는 본문 6개 · 거절 반영 False / 서로 다른 행동 10개 · 언제/확인/대안 True / 실행 카드와 마무리 함께 제공 / 이야기 순서 True · 본문 14개
R05:dir:pungun:all:book,R05,100,85,15,,,노출 전문 표현 0개 · 85자 초과 문장 0개 / 핵심 결론 3개 중 접힌 근거 3개 / 답변으로 해석을 조정하는 질문 제공 / 생활 장면을 묻는 본문 7개 · 거절 반영 False / 서로 다른 행동 10개 · 언제/확인/대안 True / 실행 카드와 마무리 함께 제공 / 이야기 순서 True · 본문 14개
R05:health:pungun:all:book,R05,100,85,15,,,노출 전문 표현 0개 · 85자 초과 문장 0개 / 핵심 결론 2개 중 접힌 근거 2개 / 답변으로 해석을 조정하는 질문 제공 / 생활 장면을 묻는 본문 7개 · 거절 반영 False / 서로 다른 행동 9개 · 언제/확인/대안 True / 실행 카드와 마무리 함께 제공 / 이야기 순서 True · 본문 13개
R06:work:pungun:all:book,R06,100,85,15,,,노출 전문 표현 0개 · 85자 초과 문장 0개 / 핵심 결론 3개 중 접힌 근거 3개 / 답변으로 해석을 조정하는 질문 제공 / 생활 장면을 묻는 본문 8개 · 거절 반영 False / 서로 다른 행동 10개 · 언제/확인/대안 True / 실행 카드와 마무리 함께 제공 / 이야기 순서 True · 본문 14개
R06:money:pungun:all:book,R06,100,85,15,,,노출 전문 표현 0개 · 85자 초과 문장 0개 / 핵심 결론 3개 중 접힌 근거 3개 / 답변으로 해석을 조정하는 질문 제공 / 생활 장면을 묻는 본문 7개 · 거절 반영 False / 서로 다른 행동 10개 · 언제/확인/대안 True / 실행 카드와 마무리 함께 제공 / 이야기 순서 True · 본문 14개
R06:love:pungun:all:book,R06,100,85,15,,,노출 전문 표현 0개 · 85자 초과 문장 0개 / 핵심 결론 3개 중 접힌 근거 3개 / 답변으로 해석을 조정하는 질문 제공 / 생활 장면을 묻는 본문 6개 · 거절 반영 False / 서로 다른 행동 10개 · 언제/확인/대안 True / 실행 카드와 마무리 함께 제공 / 이야기 순서 True · 본문 14개
R06:people:pungun:all:book,R06,100,85,15,,,노출 전문 표현 0개 · 85자 초과 문장 0개 / 핵심 결론 3개 중 접힌 근거 3개 / 답변으로 해석을 조정하는 질문 제공 / 생활 장면을 묻는 본문 6개 · 거절 반영 False / 서로 다른 행동 10개 · 언제/확인/대안 True / 실행 카드와 마무리 함께 제공 / 이야기 순서 True · 본문 14개
R06:dir:pungun:all:book,R06,100,85,15,,,노출 전문 표현 0개 · 85자 초과 문장 0개 / 핵심 결론 3개 중 접힌 근거 3개 / 답변으로 해석을 조정하는 질문 제공 / 생활 장면을 묻는 본문 6개 · 거절 반영 False / 서로 다른 행동 10개 · 언제/확인/대안 True / 실행 카드와 마무리 함께 제공 / 이야기 순서 True · 본문 14개
R06:health:pungun:all:book,R06,100,85,15,,,노출 전문 표현 0개 · 85자 초과 문장 0개 / 핵심 결론 3개 중 접힌 근거 3개 / 답변으로 해석을 조정하는 질문 제공 / 생활 장면을 묻는 본문 7개 · 거절 반영 False / 서로 다른 행동 10개 · 언제/확인/대안 True / 실행 카드와 마무리 함께 제공 / 이야기 순서 True · 본문 14개
R07:work:pungun:all:book,R07,100,85,15,,,노출 전문 표현 0개 · 85자 초과 문장 0개 / 핵심 결론 3개 중 접힌 근거 3개 / 답변으로 해석을 조정하는 질문 제공 / 생활 장면을 묻는 본문 7개 · 거절 반영 False / 서로 다른 행동 10개 · 언제/확인/대안 True / 실행 카드와 마무리 함께 제공 / 이야기 순서 True · 본문 14개
R07:money:pungun:all:book,R07,100,85,15,,,노출 전문 표현 0개 · 85자 초과 문장 0개 / 핵심 결론 0개 중 접힌 근거 0개 / 답변으로 해석을 조정하는 질문 제공 / 생활 장면을 묻는 본문 6개 · 거절 반영 False / 서로 다른 행동 7개 · 언제/확인/대안 True / 실행 카드와 마무리 함께 제공 / 이야기 순서 True · 본문 11개
R07:love:pungun:all:book,R07,100,85,15,,,노출 전문 표현 0개 · 85자 초과 문장 0개 / 핵심 결론 1개 중 접힌 근거 1개 / 답변으로 해석을 조정하는 질문 제공 / 생활 장면을 묻는 본문 6개 · 거절 반영 False / 서로 다른 행동 8개 · 언제/확인/대안 True / 실행 카드와 마무리 함께 제공 / 이야기 순서 True · 본문 12개
R07:people:pungun:all:book,R07,100,85,15,,,노출 전문 표현 0개 · 85자 초과 문장 0개 / 핵심 결론 1개 중 접힌 근거 1개 / 답변으로 해석을 조정하는 질문 제공 / 생활 장면을 묻는 본문 6개 · 거절 반영 False / 서로 다른 행동 8개 · 언제/확인/대안 True / 실행 카드와 마무리 함께 제공 / 이야기 순서 True · 본문 12개
R07:dir:pungun:all:book,R07,100,85,15,,,노출 전문 표현 0개 · 85자 초과 문장 0개 / 핵심 결론 2개 중 접힌 근거 2개 / 답변으로 해석을 조정하는 질문 제공 / 생활 장면을 묻는 본문 7개 · 거절 반영 False / 서로 다른 행동 9개 · 언제/확인/대안 True / 실행 카드와 마무리 함께 제공 / 이야기 순서 True · 본문 13개
R07:health:pungun:all:book,R07,100,85,15,,,노출 전문 표현 0개 · 85자 초과 문장 0개 / 핵심 결론 1개 중 접힌 근거 1개 / 답변으로 해석을 조정하는 질문 제공 / 생활 장면을 묻는 본문 7개 · 거절 반영 False / 서로 다른 행동 8개 · 언제/확인/대안 True / 실행 카드와 마무리 함께 제공 / 이야기 순서 True · 본문 12개
R08:work:pungun:all:book,R08,100,85,15,,,노출 전문 표현 0개 · 85자 초과 문장 0개 / 핵심 결론 2개 중 접힌 근거 2개 / 답변으로 해석을 조정하는 질문 제공 / 생활 장면을 묻는 본문 8개 · 거절 반영 False / 서로 다른 행동 9개 · 언제/확인/대안 True / 실행 카드와 마무리 함께 제공 / 이야기 순서 True · 본문 13개
R08:money:pungun:all:book,R08,100,85,15,,,노출 전문 표현 0개 · 85자 초과 문장 0개 / 핵심 결론 3개 중 접힌 근거 3개 / 답변으로 해석을 조정하는 질문 제공 / 생활 장면을 묻는 본문 7개 · 거절 반영 False / 서로 다른 행동 10개 · 언제/확인/대안 True / 실행 카드와 마무리 함께 제공 / 이야기 순서 True · 본문 14개
R08:love:pungun:all:book,R08,100,85,15,,,노출 전문 표현 0개 · 85자 초과 문장 0개 / 핵심 결론 2개 중 접힌 근거 2개 / 답변으로 해석을 조정하는 질문 제공 / 생활 장면을 묻는 본문 6개 · 거절 반영 False / 서로 다른 행동 9개 · 언제/확인/대안 True / 실행 카드와 마무리 함께 제공 / 이야기 순서 True · 본문 13개
R08:people:pungun:all:book,R08,100,85,15,,,노출 전문 표현 0개 · 85자 초과 문장 0개 / 핵심 결론 3개 중 접힌 근거 3개 / 답변으로 해석을 조정하는 질문 제공 / 생활 장면을 묻는 본문 6개 · 거절 반영 False / 서로 다른 행동 10개 · 언제/확인/대안 True / 실행 카드와 마무리 함께 제공 / 이야기 순서 True · 본문 14개
R08:dir:pungun:all:book,R08,100,85,15,,,노출 전문 표현 0개 · 85자 초과 문장 0개 / 핵심 결론 3개 중 접힌 근거 3개 / 답변으로 해석을 조정하는 질문 제공 / 생활 장면을 묻는 본문 7개 · 거절 반영 False / 서로 다른 행동 10개 · 언제/확인/대안 True / 실행 카드와 마무리 함께 제공 / 이야기 순서 True · 본문 14개
R08:health:pungun:all:book,R08,100,85,15,,,노출 전문 표현 0개 · 85자 초과 문장 0개 / 핵심 결론 2개 중 접힌 근거 2개 / 답변으로 해석을 조정하는 질문 제공 / 생활 장면을 묻는 본문 6개 · 거절 반영 False / 서로 다른 행동 9개 · 언제/확인/대안 True / 실행 카드와 마무리 함께 제공 / 이야기 순서 True · 본문 13개
R09:work:pungun:all:book,R09,100,85,15,,,노출 전문 표현 0개 · 85자 초과 문장 0개 / 핵심 결론 1개 중 접힌 근거 1개 / 답변으로 해석을 조정하는 질문 제공 / 생활 장면을 묻는 본문 6개 · 거절 반영 False / 서로 다른 행동 8개 · 언제/확인/대안 True / 실행 카드와 마무리 함께 제공 / 이야기 순서 True · 본문 12개
R09:money:pungun:all:book,R09,100,85,15,,,노출 전문 표현 0개 · 85자 초과 문장 0개 / 핵심 결론 2개 중 접힌 근거 2개 / 답변으로 해석을 조정하는 질문 제공 / 생활 장면을 묻는 본문 6개 · 거절 반영 False / 서로 다른 행동 9개 · 언제/확인/대안 True / 실행 카드와 마무리 함께 제공 / 이야기 순서 True · 본문 13개
R09:love:pungun:all:book,R09,100,85,15,,,노출 전문 표현 0개 · 85자 초과 문장 0개 / 핵심 결론 1개 중 접힌 근거 1개 / 답변으로 해석을 조정하는 질문 제공 / 생활 장면을 묻는 본문 6개 · 거절 반영 False / 서로 다른 행동 8개 · 언제/확인/대안 True / 실행 카드와 마무리 함께 제공 / 이야기 순서 True · 본문 12개
R09:people:pungun:all:book,R09,100,85,15,,,노출 전문 표현 0개 · 85자 초과 문장 0개 / 핵심 결론 2개 중 접힌 근거 2개 / 답변으로 해석을 조정하는 질문 제공 / 생활 장면을 묻는 본문 6개 · 거절 반영 False / 서로 다른 행동 9개 · 언제/확인/대안 True / 실행 카드와 마무리 함께 제공 / 이야기 순서 True · 본문 13개
R09:dir:pungun:all:book,R09,100,85,15,,,노출 전문 표현 0개 · 85자 초과 문장 0개 / 핵심 결론 1개 중 접힌 근거 1개 / 답변으로 해석을 조정하는 질문 제공 / 생활 장면을 묻는 본문 6개 · 거절 반영 False / 서로 다른 행동 8개 · 언제/확인/대안 True / 실행 카드와 마무리 함께 제공 / 이야기 순서 True · 본문 12개
R09:health:pungun:all:book,R09,100,85,15,,,노출 전문 표현 0개 · 85자 초과 문장 0개 / 핵심 결론 0개 중 접힌 근거 0개 / 답변으로 해석을 조정하는 질문 제공 / 생활 장면을 묻는 본문 6개 · 거절 반영 False / 서로 다른 행동 7개 · 언제/확인/대안 True / 실행 카드와 마무리 함께 제공 / 이야기 순서 True · 본문 11개
R10:work:pungun:all:book,R10,100,85,15,,,노출 전문 표현 0개 · 85자 초과 문장 0개 / 핵심 결론 3개 중 접힌 근거 3개 / 답변으로 해석을 조정하는 질문 제공 / 생활 장면을 묻는 본문 8개 · 거절 반영 False / 서로 다른 행동 10개 · 언제/확인/대안 True / 실행 카드와 마무리 함께 제공 / 이야기 순서 True · 본문 14개
R10:money:pungun:all:book,R10,100,85,15,,,노출 전문 표현 0개 · 85자 초과 문장 0개 / 핵심 결론 3개 중 접힌 근거 3개 / 답변으로 해석을 조정하는 질문 제공 / 생활 장면을 묻는 본문 7개 · 거절 반영 False / 서로 다른 행동 10개 · 언제/확인/대안 True / 실행 카드와 마무리 함께 제공 / 이야기 순서 True · 본문 14개
R10:love:pungun:all:book,R10,100,85,15,,,노출 전문 표현 0개 · 85자 초과 문장 0개 / 핵심 결론 3개 중 접힌 근거 3개 / 답변으로 해석을 조정하는 질문 제공 / 생활 장면을 묻는 본문 6개 · 거절 반영 False / 서로 다른 행동 10개 · 언제/확인/대안 True / 실행 카드와 마무리 함께 제공 / 이야기 순서 True · 본문 14개
R10:people:pungun:all:book,R10,100,85,15,,,노출 전문 표현 0개 · 85자 초과 문장 0개 / 핵심 결론 3개 중 접힌 근거 3개 / 답변으로 해석을 조정하는 질문 제공 / 생활 장면을 묻는 본문 6개 · 거절 반영 False / 서로 다른 행동 10개 · 언제/확인/대안 True / 실행 카드와 마무리 함께 제공 / 이야기 순서 True · 본문 14개
R10:dir:pungun:all:book,R10,100,85,15,,,노출 전문 표현 0개 · 85자 초과 문장 0개 / 핵심 결론 3개 중 접힌 근거 3개 / 답변으로 해석을 조정하는 질문 제공 / 생활 장면을 묻는 본문 7개 · 거절 반영 False / 서로 다른 행동 10개 · 언제/확인/대안 True / 실행 카드와 마무리 함께 제공 / 이야기 순서 True · 본문 14개
R10:health:pungun:all:book,R10,100,85,15,,,노출 전문 표현 0개 · 85자 초과 문장 0개 / 핵심 결론 3개 중 접힌 근거 3개 / 답변으로 해석을 조정하는 질문 제공 / 생활 장면을 묻는 본문 7개 · 거절 반영 False / 서로 다른 행동 10개 · 언제/확인/대안 True / 실행 카드와 마무리 함께 제공 / 이야기 순서 True · 본문 14개
R11:work:pungun:all:book,R11,100,85,15,,,노출 전문 표현 0개 · 85자 초과 문장 0개 / 핵심 결론 3개 중 접힌 근거 3개 / 답변으로 해석을 조정하는 질문 제공 / 생활 장면을 묻는 본문 7개 · 거절 반영 False / 서로 다른 행동 10개 · 언제/확인/대안 True / 실행 카드와 마무리 함께 제공 / 이야기 순서 True · 본문 14개
R11:money:pungun:all:book,R11,100,85,15,,,노출 전문 표현 0개 · 85자 초과 문장 0개 / 핵심 결론 0개 중 접힌 근거 0개 / 답변으로 해석을 조정하는 질문 제공 / 생활 장면을 묻는 본문 6개 · 거절 반영 False / 서로 다른 행동 7개 · 언제/확인/대안 True / 실행 카드와 마무리 함께 제공 / 이야기 순서 True · 본문 11개
R11:love:pungun:all:book,R11,100,85,15,,,노출 전문 표현 0개 · 85자 초과 문장 0개 / 핵심 결론 3개 중 접힌 근거 3개 / 답변으로 해석을 조정하는 질문 제공 / 생활 장면을 묻는 본문 6개 · 거절 반영 False / 서로 다른 행동 10개 · 언제/확인/대안 True / 실행 카드와 마무리 함께 제공 / 이야기 순서 True · 본문 14개
R11:people:pungun:all:book,R11,100,85,15,,,노출 전문 표현 0개 · 85자 초과 문장 0개 / 핵심 결론 3개 중 접힌 근거 3개 / 답변으로 해석을 조정하는 질문 제공 / 생활 장면을 묻는 본문 6개 · 거절 반영 False / 서로 다른 행동 10개 · 언제/확인/대안 True / 실행 카드와 마무리 함께 제공 / 이야기 순서 True · 본문 14개
R11:dir:pungun:all:book,R11,100,85,15,,,노출 전문 표현 0개 · 85자 초과 문장 0개 / 핵심 결론 3개 중 접힌 근거 3개 / 답변으로 해석을 조정하는 질문 제공 / 생활 장면을 묻는 본문 7개 · 거절 반영 False / 서로 다른 행동 10개 · 언제/확인/대안 True / 실행 카드와 마무리 함께 제공 / 이야기 순서 True · 본문 14개
R11:health:pungun:all:book,R11,100,85,15,,,노출 전문 표현 0개 · 85자 초과 문장 0개 / 핵심 결론 2개 중 접힌 근거 2개 / 답변으로 해석을 조정하는 질문 제공 / 생활 장면을 묻는 본문 7개 · 거절 반영 False / 서로 다른 행동 9개 · 언제/확인/대안 True / 실행 카드와 마무리 함께 제공 / 이야기 순서 True · 본문 13개
R12:work:pungun:all:book,R12,100,85,15,,,노출 전문 표현 0개 · 85자 초과 문장 0개 / 핵심 결론 1개 중 접힌 근거 1개 / 답변으로 해석을 조정하는 질문 제공 / 생활 장면을 묻는 본문 7개 · 거절 반영 False / 서로 다른 행동 8개 · 언제/확인/대안 True / 실행 카드와 마무리 함께 제공 / 이야기 순서 True · 본문 12개
R12:money:pungun:all:book,R12,100,85,15,,,노출 전문 표현 0개 · 85자 초과 문장 0개 / 핵심 결론 0개 중 접힌 근거 0개 / 답변으로 해석을 조정하는 질문 제공 / 생활 장면을 묻는 본문 6개 · 거절 반영 False / 서로 다른 행동 7개 · 언제/확인/대안 True / 실행 카드와 마무리 함께 제공 / 이야기 순서 True · 본문 11개
R12:love:pungun:all:book,R12,100,85,15,,,노출 전문 표현 0개 · 85자 초과 문장 0개 / 핵심 결론 2개 중 접힌 근거 2개 / 답변으로 해석을 조정하는 질문 제공 / 생활 장면을 묻는 본문 6개 · 거절 반영 False / 서로 다른 행동 9개 · 언제/확인/대안 True / 실행 카드와 마무리 함께 제공 / 이야기 순서 True · 본문 13개
R12:people:pungun:all:book,R12,100,85,15,,,노출 전문 표현 0개 · 85자 초과 문장 0개 / 핵심 결론 2개 중 접힌 근거 2개 / 답변으로 해석을 조정하는 질문 제공 / 생활 장면을 묻는 본문 6개 · 거절 반영 False / 서로 다른 행동 9개 · 언제/확인/대안 True / 실행 카드와 마무리 함께 제공 / 이야기 순서 True · 본문 13개
R12:dir:pungun:all:book,R12,100,85,15,,,노출 전문 표현 0개 · 85자 초과 문장 0개 / 핵심 결론 2개 중 접힌 근거 2개 / 답변으로 해석을 조정하는 질문 제공 / 생활 장면을 묻는 본문 7개 · 거절 반영 False / 서로 다른 행동 9개 · 언제/확인/대안 True / 실행 카드와 마무리 함께 제공 / 이야기 순서 True · 본문 13개
R12:health:pungun:all:book,R12,100,85,15,,,노출 전문 표현 0개 · 85자 초과 문장 0개 / 핵심 결론 1개 중 접힌 근거 1개 / 답변으로 해석을 조정하는 질문 제공 / 생활 장면을 묻는 본문 6개 · 거절 반영 False / 서로 다른 행동 8개 · 언제/확인/대안 True / 실행 카드와 마무리 함께 제공 / 이야기 순서 True · 본문 12개
R13:work:pungun:all:book,R13,100,85,15,,,노출 전문 표현 0개 · 85자 초과 문장 0개 / 핵심 결론 2개 중 접힌 근거 2개 / 답변으로 해석을 조정하는 질문 제공 / 생활 장면을 묻는 본문 7개 · 거절 반영 False / 서로 다른 행동 9개 · 언제/확인/대안 True / 실행 카드와 마무리 함께 제공 / 이야기 순서 True · 본문 13개
R13:money:pungun:all:book,R13,100,85,15,,,노출 전문 표현 0개 · 85자 초과 문장 0개 / 핵심 결론 3개 중 접힌 근거 3개 / 답변으로 해석을 조정하는 질문 제공 / 생활 장면을 묻는 본문 7개 · 거절 반영 False / 서로 다른 행동 10개 · 언제/확인/대안 True / 실행 카드와 마무리 함께 제공 / 이야기 순서 True · 본문 14개
R13:love:pungun:all:book,R13,100,85,15,,,노출 전문 표현 0개 · 85자 초과 문장 0개 / 핵심 결론 2개 중 접힌 근거 2개 / 답변으로 해석을 조정하는 질문 제공 / 생활 장면을 묻는 본문 6개 · 거절 반영 False / 서로 다른 행동 9개 · 언제/확인/대안 True / 실행 카드와 마무리 함께 제공 / 이야기 순서 True · 본문 13개
R13:people:pungun:all:book,R13,100,85,15,,,노출 전문 표현 0개 · 85자 초과 문장 0개 / 핵심 결론 3개 중 접힌 근거 3개 / 답변으로 해석을 조정하는 질문 제공 / 생활 장면을 묻는 본문 6개 · 거절 반영 False / 서로 다른 행동 10개 · 언제/확인/대안 True / 실행 카드와 마무리 함께 제공 / 이야기 순서 True · 본문 14개
R13:dir:pungun:all:book,R13,100,85,15,,,노출 전문 표현 0개 · 85자 초과 문장 0개 / 핵심 결론 3개 중 접힌 근거 3개 / 답변으로 해석을 조정하는 질문 제공 / 생활 장면을 묻는 본문 6개 · 거절 반영 False / 서로 다른 행동 10개 · 언제/확인/대안 True / 실행 카드와 마무리 함께 제공 / 이야기 순서 True · 본문 14개
R13:health:pungun:all:book,R13,100,85,15,,,노출 전문 표현 0개 · 85자 초과 문장 0개 / 핵심 결론 2개 중 접힌 근거 2개 / 답변으로 해석을 조정하는 질문 제공 / 생활 장면을 묻는 본문 6개 · 거절 반영 False / 서로 다른 행동 9개 · 언제/확인/대안 True / 실행 카드와 마무리 함께 제공 / 이야기 순서 True · 본문 13개
R14:work:pungun:all:book,R14,100,85,15,,,노출 전문 표현 0개 · 85자 초과 문장 0개 / 핵심 결론 3개 중 접힌 근거 3개 / 답변으로 해석을 조정하는 질문 제공 / 생활 장면을 묻는 본문 6개 · 거절 반영 False / 서로 다른 행동 10개 · 언제/확인/대안 True / 실행 카드와 마무리 함께 제공 / 이야기 순서 True · 본문 14개
R14:money:pungun:all:book,R14,100,85,15,,,노출 전문 표현 0개 · 85자 초과 문장 0개 / 핵심 결론 3개 중 접힌 근거 3개 / 답변으로 해석을 조정하는 질문 제공 / 생활 장면을 묻는 본문 6개 · 거절 반영 False / 서로 다른 행동 10개 · 언제/확인/대안 True / 실행 카드와 마무리 함께 제공 / 이야기 순서 True · 본문 14개
R14:love:pungun:all:book,R14,100,85,15,,,노출 전문 표현 0개 · 85자 초과 문장 0개 / 핵심 결론 2개 중 접힌 근거 2개 / 답변으로 해석을 조정하는 질문 제공 / 생활 장면을 묻는 본문 6개 · 거절 반영 False / 서로 다른 행동 9개 · 언제/확인/대안 True / 실행 카드와 마무리 함께 제공 / 이야기 순서 True · 본문 13개
R14:people:pungun:all:book,R14,100,85,15,,,노출 전문 표현 0개 · 85자 초과 문장 0개 / 핵심 결론 1개 중 접힌 근거 1개 / 답변으로 해석을 조정하는 질문 제공 / 생활 장면을 묻는 본문 6개 · 거절 반영 False / 서로 다른 행동 8개 · 언제/확인/대안 True / 실행 카드와 마무리 함께 제공 / 이야기 순서 True · 본문 12개
R14:dir:pungun:all:book,R14,100,85,15,,,노출 전문 표현 0개 · 85자 초과 문장 0개 / 핵심 결론 3개 중 접힌 근거 3개 / 답변으로 해석을 조정하는 질문 제공 / 생활 장면을 묻는 본문 7개 · 거절 반영 False / 서로 다른 행동 10개 · 언제/확인/대안 True / 실행 카드와 마무리 함께 제공 / 이야기 순서 True · 본문 14개
R14:health:pungun:all:book,R14,100,85,15,,,노출 전문 표현 0개 · 85자 초과 문장 0개 / 핵심 결론 2개 중 접힌 근거 2개 / 답변으로 해석을 조정하는 질문 제공 / 생활 장면을 묻는 본문 7개 · 거절 반영 False / 서로 다른 행동 9개 · 언제/확인/대안 True / 실행 카드와 마무리 함께 제공 / 이야기 순서 True · 본문 13개
R15:work:pungun:all:book,R15,100,85,15,,,노출 전문 표현 0개 · 85자 초과 문장 0개 / 핵심 결론 3개 중 접힌 근거 3개 / 답변으로 해석을 조정하는 질문 제공 / 생활 장면을 묻는 본문 8개 · 거절 반영 False / 서로 다른 행동 10개 · 언제/확인/대안 True / 실행 카드와 마무리 함께 제공 / 이야기 순서 True · 본문 14개
R15:money:pungun:all:book,R15,100,85,15,,,노출 전문 표현 0개 · 85자 초과 문장 0개 / 핵심 결론 3개 중 접힌 근거 3개 / 답변으로 해석을 조정하는 질문 제공 / 생활 장면을 묻는 본문 8개 · 거절 반영 False / 서로 다른 행동 10개 · 언제/확인/대안 True / 실행 카드와 마무리 함께 제공 / 이야기 순서 True · 본문 14개
R15:love:pungun:all:book,R15,100,85,15,,,노출 전문 표현 0개 · 85자 초과 문장 0개 / 핵심 결론 3개 중 접힌 근거 3개 / 답변으로 해석을 조정하는 질문 제공 / 생활 장면을 묻는 본문 7개 · 거절 반영 False / 서로 다른 행동 10개 · 언제/확인/대안 True / 실행 카드와 마무리 함께 제공 / 이야기 순서 True · 본문 14개
R15:people:pungun:all:book,R15,100,85,15,,,노출 전문 표현 0개 · 85자 초과 문장 0개 / 핵심 결론 3개 중 접힌 근거 3개 / 답변으로 해석을 조정하는 질문 제공 / 생활 장면을 묻는 본문 6개 · 거절 반영 False / 서로 다른 행동 10개 · 언제/확인/대안 True / 실행 카드와 마무리 함께 제공 / 이야기 순서 True · 본문 14개
R15:dir:pungun:all:book,R15,100,85,15,,,노출 전문 표현 0개 · 85자 초과 문장 0개 / 핵심 결론 3개 중 접힌 근거 3개 / 답변으로 해석을 조정하는 질문 제공 / 생활 장면을 묻는 본문 7개 · 거절 반영 False / 서로 다른 행동 10개 · 언제/확인/대안 True / 실행 카드와 마무리 함께 제공 / 이야기 순서 True · 본문 14개
R15:health:pungun:all:book,R15,100,85,15,,,노출 전문 표현 0개 · 85자 초과 문장 0개 / 핵심 결론 3개 중 접힌 근거 3개 / 답변으로 해석을 조정하는 질문 제공 / 생활 장면을 묻는 본문 7개 · 거절 반영 False / 서로 다른 행동 10개 · 언제/확인/대안 True / 실행 카드와 마무리 함께 제공 / 이야기 순서 True · 본문 14개
R16:work:pungun:all:book,R16,100,85,15,,,노출 전문 표현 0개 · 85자 초과 문장 0개 / 핵심 결론 3개 중 접힌 근거 3개 / 답변으로 해석을 조정하는 질문 제공 / 생활 장면을 묻는 본문 7개 · 거절 반영 False / 서로 다른 행동 10개 · 언제/확인/대안 True / 실행 카드와 마무리 함께 제공 / 이야기 순서 True · 본문 14개
R16:money:pungun:all:book,R16,100,85,15,,,노출 전문 표현 0개 · 85자 초과 문장 0개 / 핵심 결론 3개 중 접힌 근거 3개 / 답변으로 해석을 조정하는 질문 제공 / 생활 장면을 묻는 본문 7개 · 거절 반영 False / 서로 다른 행동 10개 · 언제/확인/대안 True / 실행 카드와 마무리 함께 제공 / 이야기 순서 True · 본문 14개
R16:love:pungun:all:book,R16,100,85,15,,,노출 전문 표현 0개 · 85자 초과 문장 0개 / 핵심 결론 3개 중 접힌 근거 3개 / 답변으로 해석을 조정하는 질문 제공 / 생활 장면을 묻는 본문 7개 · 거절 반영 False / 서로 다른 행동 10개 · 언제/확인/대안 True / 실행 카드와 마무리 함께 제공 / 이야기 순서 True · 본문 14개
R16:people:pungun:all:book,R16,100,85,15,,,노출 전문 표현 0개 · 85자 초과 문장 0개 / 핵심 결론 3개 중 접힌 근거 3개 / 답변으로 해석을 조정하는 질문 제공 / 생활 장면을 묻는 본문 6개 · 거절 반영 False / 서로 다른 행동 10개 · 언제/확인/대안 True / 실행 카드와 마무리 함께 제공 / 이야기 순서 True · 본문 14개
R16:dir:pungun:all:book,R16,100,85,15,,,노출 전문 표현 0개 · 85자 초과 문장 0개 / 핵심 결론 3개 중 접힌 근거 3개 / 답변으로 해석을 조정하는 질문 제공 / 생활 장면을 묻는 본문 6개 · 거절 반영 False / 서로 다른 행동 10개 · 언제/확인/대안 True / 실행 카드와 마무리 함께 제공 / 이야기 순서 True · 본문 14개
R16:health:pungun:all:book,R16,100,85,15,,,노출 전문 표현 0개 · 85자 초과 문장 0개 / 핵심 결론 3개 중 접힌 근거 3개 / 답변으로 해석을 조정하는 질문 제공 / 생활 장면을 묻는 본문 7개 · 거절 반영 False / 서로 다른 행동 10개 · 언제/확인/대안 True / 실행 카드와 마무리 함께 제공 / 이야기 순서 True · 본문 14개
R17:work:pungun:all:book,R17,100,85,15,,,노출 전문 표현 0개 · 85자 초과 문장 0개 / 핵심 결론 3개 중 접힌 근거 3개 / 답변으로 해석을 조정하는 질문 제공 / 생활 장면을 묻는 본문 8개 · 거절 반영 False / 서로 다른 행동 10개 · 언제/확인/대안 True / 실행 카드와 마무리 함께 제공 / 이야기 순서 True · 본문 14개
R17:money:pungun:all:book,R17,100,85,15,,,노출 전문 표현 0개 · 85자 초과 문장 0개 / 핵심 결론 3개 중 접힌 근거 3개 / 답변으로 해석을 조정하는 질문 제공 / 생활 장면을 묻는 본문 8개 · 거절 반영 False / 서로 다른 행동 10개 · 언제/확인/대안 True / 실행 카드와 마무리 함께 제공 / 이야기 순서 True · 본문 14개
R17:love:pungun:all:book,R17,100,85,15,,,노출 전문 표현 0개 · 85자 초과 문장 0개 / 핵심 결론 3개 중 접힌 근거 3개 / 답변으로 해석을 조정하는 질문 제공 / 생활 장면을 묻는 본문 7개 · 거절 반영 False / 서로 다른 행동 10개 · 언제/확인/대안 True / 실행 카드와 마무리 함께 제공 / 이야기 순서 True · 본문 14개
R17:people:pungun:all:book,R17,100,85,15,,,노출 전문 표현 0개 · 85자 초과 문장 0개 / 핵심 결론 3개 중 접힌 근거 3개 / 답변으로 해석을 조정하는 질문 제공 / 생활 장면을 묻는 본문 6개 · 거절 반영 False / 서로 다른 행동 10개 · 언제/확인/대안 True / 실행 카드와 마무리 함께 제공 / 이야기 순서 True · 본문 14개
R17:dir:pungun:all:book,R17,100,85,15,,,노출 전문 표현 0개 · 85자 초과 문장 0개 / 핵심 결론 2개 중 접힌 근거 2개 / 답변으로 해석을 조정하는 질문 제공 / 생활 장면을 묻는 본문 7개 · 거절 반영 False / 서로 다른 행동 9개 · 언제/확인/대안 True / 실행 카드와 마무리 함께 제공 / 이야기 순서 True · 본문 13개
R17:health:pungun:all:book,R17,100,85,15,,,노출 전문 표현 0개 · 85자 초과 문장 0개 / 핵심 결론 0개 중 접힌 근거 0개 / 답변으로 해석을 조정하는 질문 제공 / 생활 장면을 묻는 본문 6개 · 거절 반영 False / 서로 다른 행동 7개 · 언제/확인/대안 True / 실행 카드와 마무리 함께 제공 / 이야기 순서 True · 본문 11개
R18:work:pungun:all:book,R18,100,85,15,,,노출 전문 표현 0개 · 85자 초과 문장 0개 / 핵심 결론 3개 중 접힌 근거 3개 / 답변으로 해석을 조정하는 질문 제공 / 생활 장면을 묻는 본문 8개 · 거절 반영 False / 서로 다른 행동 10개 · 언제/확인/대안 True / 실행 카드와 마무리 함께 제공 / 이야기 순서 True · 본문 14개
R18:money:pungun:all:book,R18,100,85,15,,,노출 전문 표현 0개 · 85자 초과 문장 0개 / 핵심 결론 3개 중 접힌 근거 3개 / 답변으로 해석을 조정하는 질문 제공 / 생활 장면을 묻는 본문 8개 · 거절 반영 False / 서로 다른 행동 10개 · 언제/확인/대안 True / 실행 카드와 마무리 함께 제공 / 이야기 순서 True · 본문 14개
R18:love:pungun:all:book,R18,100,85,15,,,노출 전문 표현 0개 · 85자 초과 문장 0개 / 핵심 결론 3개 중 접힌 근거 3개 / 답변으로 해석을 조정하는 질문 제공 / 생활 장면을 묻는 본문 7개 · 거절 반영 False / 서로 다른 행동 10개 · 언제/확인/대안 True / 실행 카드와 마무리 함께 제공 / 이야기 순서 True · 본문 14개
R18:people:pungun:all:book,R18,100,85,15,,,노출 전문 표현 0개 · 85자 초과 문장 0개 / 핵심 결론 3개 중 접힌 근거 3개 / 답변으로 해석을 조정하는 질문 제공 / 생활 장면을 묻는 본문 6개 · 거절 반영 False / 서로 다른 행동 10개 · 언제/확인/대안 True / 실행 카드와 마무리 함께 제공 / 이야기 순서 True · 본문 14개
R18:dir:pungun:all:book,R18,100,85,15,,,노출 전문 표현 0개 · 85자 초과 문장 0개 / 핵심 결론 2개 중 접힌 근거 2개 / 답변으로 해석을 조정하는 질문 제공 / 생활 장면을 묻는 본문 7개 · 거절 반영 False / 서로 다른 행동 9개 · 언제/확인/대안 True / 실행 카드와 마무리 함께 제공 / 이야기 순서 True · 본문 13개
R18:health:pungun:all:book,R18,100,85,15,,,노출 전문 표현 0개 · 85자 초과 문장 0개 / 핵심 결론 0개 중 접힌 근거 0개 / 답변으로 해석을 조정하는 질문 제공 / 생활 장면을 묻는 본문 6개 · 거절 반영 False / 서로 다른 행동 7개 · 언제/확인/대안 True / 실행 카드와 마무리 함께 제공 / 이야기 순서 True · 본문 11개
R19:work:pungun:all:book,R19,100,85,15,,,노출 전문 표현 0개 · 85자 초과 문장 0개 / 핵심 결론 2개 중 접힌 근거 2개 / 답변으로 해석을 조정하는 질문 제공 / 생활 장면을 묻는 본문 7개 · 거절 반영 False / 서로 다른 행동 9개 · 언제/확인/대안 True / 실행 카드와 마무리 함께 제공 / 이야기 순서 True · 본문 13개
R19:money:pungun:all:book,R19,100,85,15,,,노출 전문 표현 0개 · 85자 초과 문장 0개 / 핵심 결론 3개 중 접힌 근거 3개 / 답변으로 해석을 조정하는 질문 제공 / 생활 장면을 묻는 본문 7개 · 거절 반영 False / 서로 다른 행동 10개 · 언제/확인/대안 True / 실행 카드와 마무리 함께 제공 / 이야기 순서 True · 본문 14개
R19:love:pungun:all:book,R19,100,85,15,,,노출 전문 표현 0개 · 85자 초과 문장 0개 / 핵심 결론 2개 중 접힌 근거 2개 / 답변으로 해석을 조정하는 질문 제공 / 생활 장면을 묻는 본문 6개 · 거절 반영 False / 서로 다른 행동 9개 · 언제/확인/대안 True / 실행 카드와 마무리 함께 제공 / 이야기 순서 True · 본문 13개
R19:people:pungun:all:book,R19,100,85,15,,,노출 전문 표현 0개 · 85자 초과 문장 0개 / 핵심 결론 3개 중 접힌 근거 3개 / 답변으로 해석을 조정하는 질문 제공 / 생활 장면을 묻는 본문 6개 · 거절 반영 False / 서로 다른 행동 10개 · 언제/확인/대안 True / 실행 카드와 마무리 함께 제공 / 이야기 순서 True · 본문 14개
R19:dir:pungun:all:book,R19,100,85,15,,,노출 전문 표현 0개 · 85자 초과 문장 0개 / 핵심 결론 3개 중 접힌 근거 3개 / 답변으로 해석을 조정하는 질문 제공 / 생활 장면을 묻는 본문 6개 · 거절 반영 False / 서로 다른 행동 10개 · 언제/확인/대안 True / 실행 카드와 마무리 함께 제공 / 이야기 순서 True · 본문 14개
R19:health:pungun:all:book,R19,100,85,15,,,노출 전문 표현 0개 · 85자 초과 문장 0개 / 핵심 결론 2개 중 접힌 근거 2개 / 답변으로 해석을 조정하는 질문 제공 / 생활 장면을 묻는 본문 6개 · 거절 반영 False / 서로 다른 행동 9개 · 언제/확인/대안 True / 실행 카드와 마무리 함께 제공 / 이야기 순서 True · 본문 13개
R20:work:pungun:all:book,R20,100,85,15,,,노출 전문 표현 0개 · 85자 초과 문장 0개 / 핵심 결론 3개 중 접힌 근거 3개 / 답변으로 해석을 조정하는 질문 제공 / 생활 장면을 묻는 본문 7개 · 거절 반영 False / 서로 다른 행동 10개 · 언제/확인/대안 True / 실행 카드와 마무리 함께 제공 / 이야기 순서 True · 본문 14개
R20:money:pungun:all:book,R20,100,85,15,,,노출 전문 표현 0개 · 85자 초과 문장 0개 / 핵심 결론 0개 중 접힌 근거 0개 / 답변으로 해석을 조정하는 질문 제공 / 생활 장면을 묻는 본문 6개 · 거절 반영 False / 서로 다른 행동 7개 · 언제/확인/대안 True / 실행 카드와 마무리 함께 제공 / 이야기 순서 True · 본문 11개
R20:love:pungun:all:book,R20,100,85,15,,,노출 전문 표현 0개 · 85자 초과 문장 0개 / 핵심 결론 1개 중 접힌 근거 1개 / 답변으로 해석을 조정하는 질문 제공 / 생활 장면을 묻는 본문 6개 · 거절 반영 False / 서로 다른 행동 8개 · 언제/확인/대안 True / 실행 카드와 마무리 함께 제공 / 이야기 순서 True · 본문 12개
R20:people:pungun:all:book,R20,100,85,15,,,노출 전문 표현 0개 · 85자 초과 문장 0개 / 핵심 결론 1개 중 접힌 근거 1개 / 답변으로 해석을 조정하는 질문 제공 / 생활 장면을 묻는 본문 6개 · 거절 반영 False / 서로 다른 행동 8개 · 언제/확인/대안 True / 실행 카드와 마무리 함께 제공 / 이야기 순서 True · 본문 12개
R20:dir:pungun:all:book,R20,100,85,15,,,노출 전문 표현 0개 · 85자 초과 문장 0개 / 핵심 결론 2개 중 접힌 근거 2개 / 답변으로 해석을 조정하는 질문 제공 / 생활 장면을 묻는 본문 7개 · 거절 반영 False / 서로 다른 행동 9개 · 언제/확인/대안 True / 실행 카드와 마무리 함께 제공 / 이야기 순서 True · 본문 13개
R20:health:pungun:all:book,R20,100,85,15,,,노출 전문 표현 0개 · 85자 초과 문장 0개 / 핵심 결론 1개 중 접힌 근거 1개 / 답변으로 해석을 조정하는 질문 제공 / 생활 장면을 묻는 본문 7개 · 거절 반영 False / 서로 다른 행동 8개 · 언제/확인/대안 True / 실행 카드와 마무리 함께 제공 / 이야기 순서 True · 본문 12개
R21:work:pungun:all:book,R21,100,85,15,,,노출 전문 표현 0개 · 85자 초과 문장 0개 / 핵심 결론 1개 중 접힌 근거 1개 / 답변으로 해석을 조정하는 질문 제공 / 생활 장면을 묻는 본문 6개 · 거절 반영 False / 서로 다른 행동 8개 · 언제/확인/대안 True / 실행 카드와 마무리 함께 제공 / 이야기 순서 True · 본문 12개
R21:money:pungun:all:book,R21,100,85,15,,,노출 전문 표현 0개 · 85자 초과 문장 0개 / 핵심 결론 2개 중 접힌 근거 2개 / 답변으로 해석을 조정하는 질문 제공 / 생활 장면을 묻는 본문 6개 · 거절 반영 False / 서로 다른 행동 9개 · 언제/확인/대안 True / 실행 카드와 마무리 함께 제공 / 이야기 순서 True · 본문 13개
R21:love:pungun:all:book,R21,100,85,15,,,노출 전문 표현 0개 · 85자 초과 문장 0개 / 핵심 결론 1개 중 접힌 근거 1개 / 답변으로 해석을 조정하는 질문 제공 / 생활 장면을 묻는 본문 6개 · 거절 반영 False / 서로 다른 행동 8개 · 언제/확인/대안 True / 실행 카드와 마무리 함께 제공 / 이야기 순서 True · 본문 12개
R21:people:pungun:all:book,R21,100,85,15,,,노출 전문 표현 0개 · 85자 초과 문장 0개 / 핵심 결론 2개 중 접힌 근거 2개 / 답변으로 해석을 조정하는 질문 제공 / 생활 장면을 묻는 본문 6개 · 거절 반영 False / 서로 다른 행동 9개 · 언제/확인/대안 True / 실행 카드와 마무리 함께 제공 / 이야기 순서 True · 본문 13개
R21:dir:pungun:all:book,R21,100,85,15,,,노출 전문 표현 0개 · 85자 초과 문장 0개 / 핵심 결론 1개 중 접힌 근거 1개 / 답변으로 해석을 조정하는 질문 제공 / 생활 장면을 묻는 본문 6개 · 거절 반영 False / 서로 다른 행동 8개 · 언제/확인/대안 True / 실행 카드와 마무리 함께 제공 / 이야기 순서 True · 본문 12개
R21:health:pungun:all:book,R21,100,85,15,,,노출 전문 표현 0개 · 85자 초과 문장 0개 / 핵심 결론 0개 중 접힌 근거 0개 / 답변으로 해석을 조정하는 질문 제공 / 생활 장면을 묻는 본문 6개 · 거절 반영 False / 서로 다른 행동 7개 · 언제/확인/대안 True / 실행 카드와 마무리 함께 제공 / 이야기 순서 True · 본문 11개
R22:work:pungun:all:book,R22,100,85,15,,,노출 전문 표현 0개 · 85자 초과 문장 0개 / 핵심 결론 3개 중 접힌 근거 3개 / 답변으로 해석을 조정하는 질문 제공 / 생활 장면을 묻는 본문 8개 · 거절 반영 False / 서로 다른 행동 10개 · 언제/확인/대안 True / 실행 카드와 마무리 함께 제공 / 이야기 순서 True · 본문 14개
R22:money:pungun:all:book,R22,100,85,15,,,노출 전문 표현 0개 · 85자 초과 문장 0개 / 핵심 결론 3개 중 접힌 근거 3개 / 답변으로 해석을 조정하는 질문 제공 / 생활 장면을 묻는 본문 8개 · 거절 반영 False / 서로 다른 행동 10개 · 언제/확인/대안 True / 실행 카드와 마무리 함께 제공 / 이야기 순서 True · 본문 14개
R22:love:pungun:all:book,R22,100,85,15,,,노출 전문 표현 0개 · 85자 초과 문장 0개 / 핵심 결론 3개 중 접힌 근거 3개 / 답변으로 해석을 조정하는 질문 제공 / 생활 장면을 묻는 본문 7개 · 거절 반영 False / 서로 다른 행동 10개 · 언제/확인/대안 True / 실행 카드와 마무리 함께 제공 / 이야기 순서 True · 본문 14개
R22:people:pungun:all:book,R22,100,85,15,,,노출 전문 표현 0개 · 85자 초과 문장 0개 / 핵심 결론 3개 중 접힌 근거 3개 / 답변으로 해석을 조정하는 질문 제공 / 생활 장면을 묻는 본문 6개 · 거절 반영 False / 서로 다른 행동 10개 · 언제/확인/대안 True / 실행 카드와 마무리 함께 제공 / 이야기 순서 True · 본문 14개
R22:dir:pungun:all:book,R22,100,85,15,,,노출 전문 표현 0개 · 85자 초과 문장 0개 / 핵심 결론 2개 중 접힌 근거 2개 / 답변으로 해석을 조정하는 질문 제공 / 생활 장면을 묻는 본문 7개 · 거절 반영 False / 서로 다른 행동 9개 · 언제/확인/대안 True / 실행 카드와 마무리 함께 제공 / 이야기 순서 True · 본문 13개
R22:health:pungun:all:book,R22,100,85,15,,,노출 전문 표현 0개 · 85자 초과 문장 0개 / 핵심 결론 0개 중 접힌 근거 0개 / 답변으로 해석을 조정하는 질문 제공 / 생활 장면을 묻는 본문 6개 · 거절 반영 False / 서로 다른 행동 7개 · 언제/확인/대안 True / 실행 카드와 마무리 함께 제공 / 이야기 순서 True · 본문 11개
R23:work:pungun:all:book,R23,100,85,15,,,노출 전문 표현 0개 · 85자 초과 문장 0개 / 핵심 결론 3개 중 접힌 근거 3개 / 답변으로 해석을 조정하는 질문 제공 / 생활 장면을 묻는 본문 7개 · 거절 반영 False / 서로 다른 행동 10개 · 언제/확인/대안 True / 실행 카드와 마무리 함께 제공 / 이야기 순서 True · 본문 14개
R23:money:pungun:all:book,R23,100,85,15,,,노출 전문 표현 0개 · 85자 초과 문장 0개 / 핵심 결론 3개 중 접힌 근거 3개 / 답변으로 해석을 조정하는 질문 제공 / 생활 장면을 묻는 본문 7개 · 거절 반영 False / 서로 다른 행동 10개 · 언제/확인/대안 True / 실행 카드와 마무리 함께 제공 / 이야기 순서 True · 본문 14개
R23:love:pungun:all:book,R23,100,85,15,,,노출 전문 표현 0개 · 85자 초과 문장 0개 / 핵심 결론 2개 중 접힌 근거 2개 / 답변으로 해석을 조정하는 질문 제공 / 생활 장면을 묻는 본문 7개 · 거절 반영 False / 서로 다른 행동 9개 · 언제/확인/대안 True / 실행 카드와 마무리 함께 제공 / 이야기 순서 True · 본문 13개
R23:people:pungun:all:book,R23,100,85,15,,,노출 전문 표현 0개 · 85자 초과 문장 0개 / 핵심 결론 1개 중 접힌 근거 1개 / 답변으로 해석을 조정하는 질문 제공 / 생활 장면을 묻는 본문 6개 · 거절 반영 False / 서로 다른 행동 8개 · 언제/확인/대안 True / 실행 카드와 마무리 함께 제공 / 이야기 순서 True · 본문 12개
R23:dir:pungun:all:book,R23,100,85,15,,,노출 전문 표현 0개 · 85자 초과 문장 0개 / 핵심 결론 3개 중 접힌 근거 3개 / 답변으로 해석을 조정하는 질문 제공 / 생활 장면을 묻는 본문 8개 · 거절 반영 False / 서로 다른 행동 10개 · 언제/확인/대안 True / 실행 카드와 마무리 함께 제공 / 이야기 순서 True · 본문 14개
R23:health:pungun:all:book,R23,100,85,15,,,노출 전문 표현 0개 · 85자 초과 문장 0개 / 핵심 결론 2개 중 접힌 근거 2개 / 답변으로 해석을 조정하는 질문 제공 / 생활 장면을 묻는 본문 7개 · 거절 반영 False / 서로 다른 행동 9개 · 언제/확인/대안 True / 실행 카드와 마무리 함께 제공 / 이야기 순서 True · 본문 13개
R24:work:pungun:all:book,R24,100,85,15,,,노출 전문 표현 0개 · 85자 초과 문장 0개 / 핵심 결론 3개 중 접힌 근거 3개 / 답변으로 해석을 조정하는 질문 제공 / 생활 장면을 묻는 본문 9개 · 거절 반영 False / 서로 다른 행동 10개 · 언제/확인/대안 True / 실행 카드와 마무리 함께 제공 / 이야기 순서 True · 본문 14개
R24:money:pungun:all:book,R24,100,85,15,,,노출 전문 표현 0개 · 85자 초과 문장 0개 / 핵심 결론 3개 중 접힌 근거 3개 / 답변으로 해석을 조정하는 질문 제공 / 생활 장면을 묻는 본문 7개 · 거절 반영 False / 서로 다른 행동 10개 · 언제/확인/대안 True / 실행 카드와 마무리 함께 제공 / 이야기 순서 True · 본문 14개
R24:love:pungun:all:book,R24,100,85,15,,,노출 전문 표현 0개 · 85자 초과 문장 0개 / 핵심 결론 2개 중 접힌 근거 2개 / 답변으로 해석을 조정하는 질문 제공 / 생활 장면을 묻는 본문 7개 · 거절 반영 False / 서로 다른 행동 9개 · 언제/확인/대안 True / 실행 카드와 마무리 함께 제공 / 이야기 순서 True · 본문 13개
R24:people:pungun:all:book,R24,100,85,15,,,노출 전문 표현 0개 · 85자 초과 문장 0개 / 핵심 결론 3개 중 접힌 근거 3개 / 답변으로 해석을 조정하는 질문 제공 / 생활 장면을 묻는 본문 7개 · 거절 반영 False / 서로 다른 행동 10개 · 언제/확인/대안 True / 실행 카드와 마무리 함께 제공 / 이야기 순서 True · 본문 14개
R24:dir:pungun:all:book,R24,100,85,15,,,노출 전문 표현 0개 · 85자 초과 문장 0개 / 핵심 결론 3개 중 접힌 근거 3개 / 답변으로 해석을 조정하는 질문 제공 / 생활 장면을 묻는 본문 8개 · 거절 반영 False / 서로 다른 행동 10개 · 언제/확인/대안 True / 실행 카드와 마무리 함께 제공 / 이야기 순서 True · 본문 14개
R24:health:pungun:all:book,R24,100,85,15,,,노출 전문 표현 0개 · 85자 초과 문장 0개 / 핵심 결론 3개 중 접힌 근거 3개 / 답변으로 해석을 조정하는 질문 제공 / 생활 장면을 묻는 본문 7개 · 거절 반영 False / 서로 다른 행동 10개 · 언제/확인/대안 True / 실행 카드와 마무리 함께 제공 / 이야기 순서 True · 본문 14개
R25:work:pungun:all:book,R25,100,85,15,,,노출 전문 표현 0개 · 85자 초과 문장 0개 / 핵심 결론 3개 중 접힌 근거 3개 / 답변으로 해석을 조정하는 질문 제공 / 생활 장면을 묻는 본문 6개 · 거절 반영 False / 서로 다른 행동 10개 · 언제/확인/대안 True / 실행 카드와 마무리 함께 제공 / 이야기 순서 True · 본문 14개
R25:money:pungun:all:book,R25,100,85,15,,,노출 전문 표현 0개 · 85자 초과 문장 0개 / 핵심 결론 3개 중 접힌 근거 3개 / 답변으로 해석을 조정하는 질문 제공 / 생활 장면을 묻는 본문 6개 · 거절 반영 False / 서로 다른 행동 10개 · 언제/확인/대안 True / 실행 카드와 마무리 함께 제공 / 이야기 순서 True · 본문 14개
R25:love:pungun:all:book,R25,100,85,15,,,노출 전문 표현 0개 · 85자 초과 문장 0개 / 핵심 결론 2개 중 접힌 근거 2개 / 답변으로 해석을 조정하는 질문 제공 / 생활 장면을 묻는 본문 6개 · 거절 반영 False / 서로 다른 행동 9개 · 언제/확인/대안 True / 실행 카드와 마무리 함께 제공 / 이야기 순서 True · 본문 13개
R25:people:pungun:all:book,R25,100,85,15,,,노출 전문 표현 0개 · 85자 초과 문장 0개 / 핵심 결론 3개 중 접힌 근거 3개 / 답변으로 해석을 조정하는 질문 제공 / 생활 장면을 묻는 본문 6개 · 거절 반영 False / 서로 다른 행동 10개 · 언제/확인/대안 True / 실행 카드와 마무리 함께 제공 / 이야기 순서 True · 본문 14개
R25:dir:pungun:all:book,R25,100,85,15,,,노출 전문 표현 0개 · 85자 초과 문장 0개 / 핵심 결론 3개 중 접힌 근거 3개 / 답변으로 해석을 조정하는 질문 제공 / 생활 장면을 묻는 본문 6개 · 거절 반영 False / 서로 다른 행동 10개 · 언제/확인/대안 True / 실행 카드와 마무리 함께 제공 / 이야기 순서 True · 본문 14개
R25:health:pungun:all:book,R25,100,85,15,,,노출 전문 표현 0개 · 85자 초과 문장 0개 / 핵심 결론 3개 중 접힌 근거 3개 / 답변으로 해석을 조정하는 질문 제공 / 생활 장면을 묻는 본문 6개 · 거절 반영 False / 서로 다른 행동 10개 · 언제/확인/대안 True / 실행 카드와 마무리 함께 제공 / 이야기 순서 True · 본문 14개
R26:work:pungun:all:book,R26,100,85,15,,,노출 전문 표현 0개 · 85자 초과 문장 0개 / 핵심 결론 3개 중 접힌 근거 3개 / 답변으로 해석을 조정하는 질문 제공 / 생활 장면을 묻는 본문 8개 · 거절 반영 False / 서로 다른 행동 10개 · 언제/확인/대안 True / 실행 카드와 마무리 함께 제공 / 이야기 순서 True · 본문 14개
R26:money:pungun:all:book,R26,100,85,15,,,노출 전문 표현 0개 · 85자 초과 문장 0개 / 핵심 결론 3개 중 접힌 근거 3개 / 답변으로 해석을 조정하는 질문 제공 / 생활 장면을 묻는 본문 7개 · 거절 반영 False / 서로 다른 행동 10개 · 언제/확인/대안 True / 실행 카드와 마무리 함께 제공 / 이야기 순서 True · 본문 14개
R26:love:pungun:all:book,R26,100,85,15,,,노출 전문 표현 0개 · 85자 초과 문장 0개 / 핵심 결론 3개 중 접힌 근거 3개 / 답변으로 해석을 조정하는 질문 제공 / 생활 장면을 묻는 본문 7개 · 거절 반영 False / 서로 다른 행동 10개 · 언제/확인/대안 True / 실행 카드와 마무리 함께 제공 / 이야기 순서 True · 본문 14개
R26:people:pungun:all:book,R26,100,85,15,,,노출 전문 표현 0개 · 85자 초과 문장 0개 / 핵심 결론 3개 중 접힌 근거 3개 / 답변으로 해석을 조정하는 질문 제공 / 생활 장면을 묻는 본문 6개 · 거절 반영 False / 서로 다른 행동 10개 · 언제/확인/대안 True / 실행 카드와 마무리 함께 제공 / 이야기 순서 True · 본문 14개
R26:dir:pungun:all:book,R26,100,85,15,,,노출 전문 표현 0개 · 85자 초과 문장 0개 / 핵심 결론 3개 중 접힌 근거 3개 / 답변으로 해석을 조정하는 질문 제공 / 생활 장면을 묻는 본문 7개 · 거절 반영 False / 서로 다른 행동 10개 · 언제/확인/대안 True / 실행 카드와 마무리 함께 제공 / 이야기 순서 True · 본문 14개
R26:health:pungun:all:book,R26,100,85,15,,,노출 전문 표현 0개 · 85자 초과 문장 0개 / 핵심 결론 3개 중 접힌 근거 3개 / 답변으로 해석을 조정하는 질문 제공 / 생활 장면을 묻는 본문 7개 · 거절 반영 False / 서로 다른 행동 10개 · 언제/확인/대안 True / 실행 카드와 마무리 함께 제공 / 이야기 순서 True · 본문 14개
R27:work:pungun:all:book,R27,100,85,15,,,노출 전문 표현 0개 · 85자 초과 문장 0개 / 핵심 결론 2개 중 접힌 근거 2개 / 답변으로 해석을 조정하는 질문 제공 / 생활 장면을 묻는 본문 7개 · 거절 반영 False / 서로 다른 행동 9개 · 언제/확인/대안 True / 실행 카드와 마무리 함께 제공 / 이야기 순서 True · 본문 13개
R27:money:pungun:all:book,R27,100,85,15,,,노출 전문 표현 0개 · 85자 초과 문장 0개 / 핵심 결론 2개 중 접힌 근거 2개 / 답변으로 해석을 조정하는 질문 제공 / 생활 장면을 묻는 본문 7개 · 거절 반영 False / 서로 다른 행동 9개 · 언제/확인/대안 True / 실행 카드와 마무리 함께 제공 / 이야기 순서 True · 본문 13개
R27:love:pungun:all:book,R27,100,85,15,,,노출 전문 표현 0개 · 85자 초과 문장 0개 / 핵심 결론 1개 중 접힌 근거 1개 / 답변으로 해석을 조정하는 질문 제공 / 생활 장면을 묻는 본문 7개 · 거절 반영 False / 서로 다른 행동 8개 · 언제/확인/대안 True / 실행 카드와 마무리 함께 제공 / 이야기 순서 True · 본문 12개
R27:people:pungun:all:book,R27,100,85,15,,,노출 전문 표현 0개 · 85자 초과 문장 0개 / 핵심 결론 0개 중 접힌 근거 0개 / 답변으로 해석을 조정하는 질문 제공 / 생활 장면을 묻는 본문 6개 · 거절 반영 False / 서로 다른 행동 7개 · 언제/확인/대안 True / 실행 카드와 마무리 함께 제공 / 이야기 순서 True · 본문 11개
R27:dir:pungun:all:book,R27,100,85,15,,,노출 전문 표현 0개 · 85자 초과 문장 0개 / 핵심 결론 2개 중 접힌 근거 2개 / 답변으로 해석을 조정하는 질문 제공 / 생활 장면을 묻는 본문 6개 · 거절 반영 False / 서로 다른 행동 9개 · 언제/확인/대안 True / 실행 카드와 마무리 함께 제공 / 이야기 순서 True · 본문 13개
R27:health:pungun:all:book,R27,100,85,15,,,노출 전문 표현 0개 · 85자 초과 문장 0개 / 핵심 결론 2개 중 접힌 근거 2개 / 답변으로 해석을 조정하는 질문 제공 / 생활 장면을 묻는 본문 6개 · 거절 반영 False / 서로 다른 행동 9개 · 언제/확인/대안 True / 실행 카드와 마무리 함께 제공 / 이야기 순서 True · 본문 13개
R28:work:pungun:all:book,R28,100,85,15,,,노출 전문 표현 0개 · 85자 초과 문장 0개 / 핵심 결론 3개 중 접힌 근거 3개 / 답변으로 해석을 조정하는 질문 제공 / 생활 장면을 묻는 본문 8개 · 거절 반영 False / 서로 다른 행동 10개 · 언제/확인/대안 True / 실행 카드와 마무리 함께 제공 / 이야기 순서 True · 본문 14개
R28:money:pungun:all:book,R28,100,85,15,,,노출 전문 표현 0개 · 85자 초과 문장 0개 / 핵심 결론 3개 중 접힌 근거 3개 / 답변으로 해석을 조정하는 질문 제공 / 생활 장면을 묻는 본문 8개 · 거절 반영 False / 서로 다른 행동 10개 · 언제/확인/대안 True / 실행 카드와 마무리 함께 제공 / 이야기 순서 True · 본문 14개
R28:love:pungun:all:book,R28,100,85,15,,,노출 전문 표현 0개 · 85자 초과 문장 0개 / 핵심 결론 3개 중 접힌 근거 3개 / 답변으로 해석을 조정하는 질문 제공 / 생활 장면을 묻는 본문 7개 · 거절 반영 False / 서로 다른 행동 10개 · 언제/확인/대안 True / 실행 카드와 마무리 함께 제공 / 이야기 순서 True · 본문 14개
R28:people:pungun:all:book,R28,100,85,15,,,노출 전문 표현 0개 · 85자 초과 문장 0개 / 핵심 결론 3개 중 접힌 근거 3개 / 답변으로 해석을 조정하는 질문 제공 / 생활 장면을 묻는 본문 7개 · 거절 반영 False / 서로 다른 행동 10개 · 언제/확인/대안 True / 실행 카드와 마무리 함께 제공 / 이야기 순서 True · 본문 14개
R28:dir:pungun:all:book,R28,100,85,15,,,노출 전문 표현 0개 · 85자 초과 문장 0개 / 핵심 결론 3개 중 접힌 근거 3개 / 답변으로 해석을 조정하는 질문 제공 / 생활 장면을 묻는 본문 7개 · 거절 반영 False / 서로 다른 행동 10개 · 언제/확인/대안 True / 실행 카드와 마무리 함께 제공 / 이야기 순서 True · 본문 14개
R28:health:pungun:all:book,R28,100,85,15,,,노출 전문 표현 0개 · 85자 초과 문장 0개 / 핵심 결론 3개 중 접힌 근거 3개 / 답변으로 해석을 조정하는 질문 제공 / 생활 장면을 묻는 본문 7개 · 거절 반영 False / 서로 다른 행동 10개 · 언제/확인/대안 True / 실행 카드와 마무리 함께 제공 / 이야기 순서 True · 본문 14개
R29:work:pungun:all:book,R29,100,85,15,,,노출 전문 표현 0개 · 85자 초과 문장 0개 / 핵심 결론 3개 중 접힌 근거 3개 / 답변으로 해석을 조정하는 질문 제공 / 생활 장면을 묻는 본문 7개 · 거절 반영 False / 서로 다른 행동 10개 · 언제/확인/대안 True / 실행 카드와 마무리 함께 제공 / 이야기 순서 True · 본문 14개
R29:money:pungun:all:book,R29,100,85,15,,,노출 전문 표현 0개 · 85자 초과 문장 0개 / 핵심 결론 3개 중 접힌 근거 3개 / 답변으로 해석을 조정하는 질문 제공 / 생활 장면을 묻는 본문 7개 · 거절 반영 False / 서로 다른 행동 10개 · 언제/확인/대안 True / 실행 카드와 마무리 함께 제공 / 이야기 순서 True · 본문 14개
R29:love:pungun:all:book,R29,100,85,15,,,노출 전문 표현 0개 · 85자 초과 문장 0개 / 핵심 결론 2개 중 접힌 근거 2개 / 답변으로 해석을 조정하는 질문 제공 / 생활 장면을 묻는 본문 7개 · 거절 반영 False / 서로 다른 행동 9개 · 언제/확인/대안 True / 실행 카드와 마무리 함께 제공 / 이야기 순서 True · 본문 13개
R29:people:pungun:all:book,R29,100,85,15,,,노출 전문 표현 0개 · 85자 초과 문장 0개 / 핵심 결론 1개 중 접힌 근거 1개 / 답변으로 해석을 조정하는 질문 제공 / 생활 장면을 묻는 본문 6개 · 거절 반영 False / 서로 다른 행동 8개 · 언제/확인/대안 True / 실행 카드와 마무리 함께 제공 / 이야기 순서 True · 본문 12개
R29:dir:pungun:all:book,R29,100,85,15,,,노출 전문 표현 0개 · 85자 초과 문장 0개 / 핵심 결론 3개 중 접힌 근거 3개 / 답변으로 해석을 조정하는 질문 제공 / 생활 장면을 묻는 본문 7개 · 거절 반영 False / 서로 다른 행동 10개 · 언제/확인/대안 True / 실행 카드와 마무리 함께 제공 / 이야기 순서 True · 본문 14개
R29:health:pungun:all:book,R29,100,85,15,,,노출 전문 표현 0개 · 85자 초과 문장 0개 / 핵심 결론 2개 중 접힌 근거 2개 / 답변으로 해석을 조정하는 질문 제공 / 생활 장면을 묻는 본문 7개 · 거절 반영 False / 서로 다른 행동 9개 · 언제/확인/대안 True / 실행 카드와 마무리 함께 제공 / 이야기 순서 True · 본문 13개
R30:work:pungun:all:book,R30,100,85,15,,,노출 전문 표현 0개 · 85자 초과 문장 0개 / 핵심 결론 3개 중 접힌 근거 3개 / 답변으로 해석을 조정하는 질문 제공 / 생활 장면을 묻는 본문 8개 · 거절 반영 False / 서로 다른 행동 10개 · 언제/확인/대안 True / 실행 카드와 마무리 함께 제공 / 이야기 순서 True · 본문 14개
R30:money:pungun:all:book,R30,100,85,15,,,노출 전문 표현 0개 · 85자 초과 문장 0개 / 핵심 결론 3개 중 접힌 근거 3개 / 답변으로 해석을 조정하는 질문 제공 / 생활 장면을 묻는 본문 8개 · 거절 반영 False / 서로 다른 행동 10개 · 언제/확인/대안 True / 실행 카드와 마무리 함께 제공 / 이야기 순서 True · 본문 14개
R30:love:pungun:all:book,R30,100,85,15,,,노출 전문 표현 0개 · 85자 초과 문장 0개 / 핵심 결론 3개 중 접힌 근거 3개 / 답변으로 해석을 조정하는 질문 제공 / 생활 장면을 묻는 본문 7개 · 거절 반영 False / 서로 다른 행동 10개 · 언제/확인/대안 True / 실행 카드와 마무리 함께 제공 / 이야기 순서 True · 본문 14개
R30:people:pungun:all:book,R30,100,85,15,,,노출 전문 표현 0개 · 85자 초과 문장 0개 / 핵심 결론 3개 중 접힌 근거 3개 / 답변으로 해석을 조정하는 질문 제공 / 생활 장면을 묻는 본문 6개 · 거절 반영 False / 서로 다른 행동 10개 · 언제/확인/대안 True / 실행 카드와 마무리 함께 제공 / 이야기 순서 True · 본문 14개
R30:dir:pungun:all:book,R30,100,85,15,,,노출 전문 표현 0개 · 85자 초과 문장 0개 / 핵심 결론 3개 중 접힌 근거 3개 / 답변으로 해석을 조정하는 질문 제공 / 생활 장면을 묻는 본문 7개 · 거절 반영 False / 서로 다른 행동 10개 · 언제/확인/대안 True / 실행 카드와 마무리 함께 제공 / 이야기 순서 True · 본문 14개
R30:health:pungun:all:book,R30,100,85,15,,,노출 전문 표현 0개 · 85자 초과 문장 0개 / 핵심 결론 3개 중 접힌 근거 3개 / 답변으로 해석을 조정하는 질문 제공 / 생활 장면을 묻는 본문 7개 · 거절 반영 False / 서로 다른 행동 10개 · 언제/확인/대안 True / 실행 카드와 마무리 함께 제공 / 이야기 순서 True · 본문 14개
